filename,predicted_class,confidence,true_label
Cine-Clip_train_100__55.png,2,0.9999343156814575,2
Cine-Clip_train_100__67.png,2,0.9999353885650635,2
Cine-Clip_train_100__71.png,2,0.9999386072158813,2
Cine-Clip_train_100__81.png,2,0.9999406337738037,2
Cine-Clip_train_100__85.png,2,0.9999364614486694,2
Cine-Clip_train_100__90.png,2,0.9999337196350098,2
Cine-Clip_train_101__11.png,2,0.999942421913147,2
Cine-Clip_train_101__33.png,2,0.9999467134475708,2
Cine-Clip_train_101__36.png,2,0.999946117401123,2
Cine-Clip_train_101__38.png,2,0.9999462366104126,2
Cine-Clip_train_101__41.png,2,0.9999415874481201,2
Cine-Clip_train_101__46.png,2,0.9999436140060425,2
Cine-Clip_train_101__48.png,2,0.9999374151229858,2
Cine-Clip_train_101__55.png,2,0.9999394416809082,2
Cine-Clip_train_101__59.png,2,0.9999438524246216,2
Cine-Clip_train_101__7.png,2,0.9999349117279053,2
Cine-Clip_train_101__9.png,2,0.9999336004257202,2
Cine-Clip_train_102__103.png,3,0.9999748468399048,3
Cine-Clip_train_102__14.png,3,0.9999767541885376,3
Cine-Clip_train_102__23.png,3,0.9999769926071167,3
Cine-Clip_train_102__31.png,3,0.9999744892120361,3
Cine-Clip_train_102__34.png,3,0.9999743700027466,3
Cine-Clip_train_102__41.png,3,0.9999724626541138,3
Cine-Clip_train_102__42.png,3,0.9999740123748779,3
Cine-Clip_train_102__50.png,3,0.9999721050262451,3
Cine-Clip_train_102__51.png,3,0.9999715089797974,3
Cine-Clip_train_102__54.png,3,0.9999706745147705,3
Cine-Clip_train_102__63.png,3,0.9999730587005615,3
Cine-Clip_train_102__67.png,3,0.9999735355377197,3
Cine-Clip_train_102__79.png,3,0.9999569654464722,3
Cine-Clip_train_102__93.png,3,0.9999760389328003,3
Cine-Clip_train_102__95.png,3,0.999975323677063,3
Cine-Clip_train_102__98.png,3,0.9999693632125854,3
Cine-Clip_train_103__103.png,2,0.9999425411224365,2
Cine-Clip_train_103__104.png,2,0.9999426603317261,2
Cine-Clip_train_103__107.png,2,0.9999371767044067,2
Cine-Clip_train_103__110.png,2,0.999925971031189,2
Cine-Clip_train_103__49.png,2,0.9999310970306396,2
Cine-Clip_train_103__66.png,2,0.999937891960144,2
Cine-Clip_train_103__69.png,2,0.9999312162399292,2
Cine-Clip_train_103__76.png,2,0.9999358654022217,2
Cine-Clip_train_103__77.png,2,0.9999369382858276,2
Cine-Clip_train_103__83.png,2,0.999932050704956,2
Cine-Clip_train_103__99.png,2,0.9999425411224365,2
Cine-Clip_train_104__154.png,4,0.9999915361404419,4
Cine-Clip_train_104__156.png,4,0.9999915361404419,4
Cine-Clip_train_104__157.png,4,0.9999915361404419,4
Cine-Clip_train_104__160.png,4,0.9999915361404419,4
Cine-Clip_train_104__180.png,4,0.9999916553497314,4
Cine-Clip_train_104__185.png,4,0.999991774559021,4
Cine-Clip_train_104__188.png,4,0.9999916553497314,4
Cine-Clip_train_104__189.png,4,0.9999916553497314,4
Cine-Clip_train_104__190.png,4,0.9999916553497314,4
Cine-Clip_train_104__201.png,4,0.9999916553497314,4
Cine-Clip_train_104__203.png,4,0.9999916553497314,4
Cine-Clip_train_104__212.png,4,0.9999916553497314,4
Cine-Clip_train_104__233.png,4,0.9999911785125732,4
Cine-Clip_train_104__235.png,4,0.9999914169311523,4
Cine-Clip_train_104__238.png,4,0.9999914169311523,4
Cine-Clip_train_105__15.png,4,0.9999918937683105,4
Cine-Clip_train_105__21.png,4,0.9999918937683105,4
Cine-Clip_train_105__26.png,4,0.999991774559021,4
Cine-Clip_train_105__29.png,4,0.999991774559021,4
Cine-Clip_train_105__31.png,4,0.999991774559021,4
Cine-Clip_train_105__34.png,4,0.999991774559021,4
Cine-Clip_train_105__46.png,4,0.9999918937683105,4
Cine-Clip_train_105__50.png,4,0.999991774559021,4
Cine-Clip_train_105__51.png,4,0.999991774559021,4
Cine-Clip_train_105__53.png,4,0.9999918937683105,4
Cine-Clip_train_106__13.png,3,0.9999783039093018,3
Cine-Clip_train_106__16.png,3,0.9999785423278809,3
Cine-Clip_train_106__17.png,3,0.9999785423278809,3
Cine-Clip_train_106__25.png,3,0.9999783039093018,3
Cine-Clip_train_106__27.png,3,0.9999785423278809,3
Cine-Clip_train_106__30.png,3,0.9999780654907227,3
Cine-Clip_train_106__37.png,3,0.9999778270721436,3
Cine-Clip_train_106__40.png,3,0.9999780654907227,3
Cine-Clip_train_106__45.png,3,0.9999779462814331,3
Cine-Clip_train_106__50.png,3,0.9999785423278809,3
Cine-Clip_train_106__55.png,3,0.9999779462814331,3
Cine-Clip_train_106__57.png,3,0.9999781847000122,3
Cine-Clip_train_106__60.png,3,0.9999781847000122,3
Cine-Clip_train_106__61.png,3,0.9999781847000122,3
Cine-Clip_train_106__64.png,3,0.9999784231185913,3
Cine-Clip_train_106__9.png,3,0.9999780654907227,3
Cine-Clip_train_108__224.png,3,0.999976396560669,3
Cine-Clip_train_108__231.png,3,0.9999778270721436,3
Cine-Clip_train_108__234.png,3,0.999977707862854,3
Cine-Clip_train_108__238.png,3,0.9999784231185913,3
Cine-Clip_train_108__249.png,3,0.9999779462814331,3
Cine-Clip_train_108__258.png,3,0.9999775886535645,3
Cine-Clip_train_108__262.png,3,0.99997878074646,3
Cine-Clip_train_108__271.png,3,0.9999790191650391,3
Cine-Clip_train_108__285.png,3,0.9999736547470093,3
Cine-Clip_train_108__286.png,3,0.9999727010726929,3
Cine-Clip_train_108__287.png,3,0.9999749660491943,3
Cine-Clip_train_108__291.png,3,0.9999769926071167,3
Cine-Clip_train_108__297.png,3,0.9999781847000122,3
Cine-Clip_train_108__301.png,3,0.9999783039093018,3
Cine-Clip_train_108__305.png,3,0.9999790191650391,3
Cine-Clip_train_108__314.png,3,0.9999788999557495,3
Cine-Clip_train_108__318.png,3,0.9999788999557495,3
Cine-Clip_train_108__320.png,3,0.9999780654907227,3
Cine-Clip_train_108__322.png,3,0.9999759197235107,3
Cine-Clip_train_108__326.png,3,0.9999642372131348,3
Cine-Clip_train_109__102.png,3,0.9999731779098511,3
Cine-Clip_train_109__105.png,3,0.9999719858169556,3
Cine-Clip_train_109__112.png,3,0.9999696016311646,3
Cine-Clip_train_109__115.png,3,0.9999678134918213,3
Cine-Clip_train_109__118.png,3,0.9999654293060303,3
Cine-Clip_train_109__121.png,3,0.9999632835388184,3
Cine-Clip_train_109__128.png,3,0.999964714050293,3
Cine-Clip_train_109__129.png,3,0.9999659061431885,3
Cine-Clip_train_109__16.png,3,0.9999722242355347,3
Cine-Clip_train_109__19.png,3,0.9999723434448242,3
Cine-Clip_train_109__24.png,3,0.9999710321426392,3
Cine-Clip_train_109__26.png,3,0.9999680519104004,3
Cine-Clip_train_109__27.png,3,0.9999651908874512,3
Cine-Clip_train_109__34.png,3,0.9999716281890869,3
Cine-Clip_train_109__41.png,3,0.9999728202819824,3
Cine-Clip_train_109__43.png,3,0.9999724626541138,3
Cine-Clip_train_109__45.png,3,0.9999712705612183,3
Cine-Clip_train_109__50.png,3,0.999971866607666,3
Cine-Clip_train_109__53.png,3,0.9999711513519287,3
Cine-Clip_train_109__62.png,3,0.9999696016311646,3
Cine-Clip_train_109__68.png,3,0.9999635219573975,3
Cine-Clip_train_109__72.png,3,0.9999663829803467,3
Cine-Clip_train_109__75.png,3,0.9999673366546631,3
Cine-Clip_train_109__78.png,3,0.9999697208404541,3
Cine-Clip_train_109__82.png,3,0.9999715089797974,3
Cine-Clip_train_109__91.png,3,0.9999701976776123,3
Cine-Clip_train_109__93.png,3,0.999969482421875,3
Cine-Clip_train_109__94.png,3,0.999970555305481,3
Cine-Clip_train_109__97.png,3,0.9999711513519287,3
Cine-Clip_train_10__102.png,2,0.9999449253082275,2
Cine-Clip_train_10__106.png,2,0.9999465942382812,2
Cine-Clip_train_10__108.png,2,0.9999470710754395,2
Cine-Clip_train_10__122.png,2,0.9999474287033081,2
Cine-Clip_train_10__128.png,2,0.9999462366104126,2
Cine-Clip_train_10__138.png,2,0.9999467134475708,2
Cine-Clip_train_10__149.png,2,0.9999454021453857,2
Cine-Clip_train_10__151.png,2,0.9999455213546753,2
Cine-Clip_train_10__154.png,2,0.999945878982544,2
Cine-Clip_train_10__22.png,2,0.9999442100524902,2
Cine-Clip_train_10__28.png,2,0.9999433755874634,2
Cine-Clip_train_10__40.png,2,0.9999449253082275,2
Cine-Clip_train_10__42.png,2,0.999944806098938,2
Cine-Clip_train_10__44.png,2,0.9999445676803589,2
Cine-Clip_train_10__46.png,2,0.9999439716339111,2
Cine-Clip_train_10__52.png,2,0.9999473094940186,2
Cine-Clip_train_10__66.png,2,0.999947190284729,2
Cine-Clip_train_10__67.png,2,0.9999465942382812,2
Cine-Clip_train_10__95.png,2,0.9999468326568604,2
Cine-Clip_train_10__97.png,2,0.9999469518661499,2
Cine-Clip_train_110__26.png,2,0.9999345541000366,2
Cine-Clip_train_110__27.png,2,0.9999366998672485,2
Cine-Clip_train_110__34.png,2,0.9999380111694336,2
Cine-Clip_train_110__37.png,2,0.9999362230300903,2
Cine-Clip_train_110__44.png,2,0.9999338388442993,2
Cine-Clip_train_110__47.png,2,0.9999314546585083,2
Cine-Clip_train_110__51.png,2,0.9999368190765381,2
Cine-Clip_train_110__57.png,2,0.9999382495880127,2
Cine-Clip_train_110__59.png,2,0.9999421834945679,2
Cine-Clip_train_111__18.png,3,0.9999759197235107,3
Cine-Clip_train_111__24.png,3,0.9999767541885376,3
Cine-Clip_train_111__41.png,3,0.9999781847000122,3
Cine-Clip_train_111__43.png,3,0.9999792575836182,3
Cine-Clip_train_111__44.png,3,0.9999796152114868,3
Cine-Clip_train_111__45.png,3,0.9999797344207764,3
Cine-Clip_train_111__49.png,3,0.9999792575836182,3
Cine-Clip_train_111__52.png,3,0.9999797344207764,3
Cine-Clip_train_111__55.png,3,0.9999783039093018,3
Cine-Clip_train_111__66.png,3,0.9999788999557495,3
Cine-Clip_train_111__67.png,3,0.9999790191650391,3
Cine-Clip_train_111__76.png,3,0.9999780654907227,3
Cine-Clip_train_111__77.png,3,0.9999780654907227,3
Cine-Clip_train_111__83.png,3,0.9999775886535645,3
Cine-Clip_train_111__88.png,3,0.9999783039093018,3
Cine-Clip_train_112__34.png,1,0.9999715089797974,1
Cine-Clip_train_112__35.png,1,0.9999701976776123,1
Cine-Clip_train_112__42.png,1,0.9999774694442749,1
Cine-Clip_train_112__50.png,1,0.9999797344207764,1
Cine-Clip_train_112__56.png,1,0.9999821186065674,1
Cine-Clip_train_112__58.png,1,0.9999818801879883,1
Cine-Clip_train_112__66.png,1,0.9999792575836182,1
Cine-Clip_train_112__68.png,1,0.9999802112579346,1
Cine-Clip_train_112__83.png,1,0.9999808073043823,1
Cine-Clip_train_114__163.png,2,0.9999387264251709,2
Cine-Clip_train_114__167.png,2,0.9999366998672485,2
Cine-Clip_train_114__175.png,2,0.9999305009841919,2
Cine-Clip_train_114__183.png,2,0.9999239444732666,2
Cine-Clip_train_114__184.png,2,0.9999257326126099,2
Cine-Clip_train_114__186.png,2,0.9999302625656128,2
Cine-Clip_train_114__187.png,2,0.999929666519165,2
Cine-Clip_train_114__202.png,2,0.9999319314956665,2
Cine-Clip_train_114__205.png,2,0.9999316930770874,2
Cine-Clip_train_114__228.png,2,0.99993896484375,2
Cine-Clip_train_114__234.png,2,0.9999384880065918,2
Cine-Clip_train_114__236.png,2,0.9999381303787231,2
Cine-Clip_train_114__240.png,2,0.9999377727508545,2
Cine-Clip_train_114__241.png,2,0.9999381303787231,2
Cine-Clip_train_114__255.png,2,0.9999395608901978,2
Cine-Clip_train_114__259.png,2,0.9999433755874634,2
Cine-Clip_train_114__260.png,2,0.9999433755874634,2
Cine-Clip_train_114__271.png,2,0.9999425411224365,2
Cine-Clip_train_114__273.png,2,0.9999430179595947,2
Cine-Clip_train_114__277.png,2,0.999942421913147,2
Cine-Clip_train_114__287.png,2,0.9999438524246216,2
Cine-Clip_train_114__290.png,2,0.9999423027038574,2
Cine-Clip_train_114__307.png,2,0.9999395608901978,2
Cine-Clip_train_114__314.png,2,0.9999399185180664,2
Cine-Clip_train_114__322.png,2,0.9999407529830933,2
Cine-Clip_train_114__325.png,2,0.9999405145645142,2
Cine-Clip_train_114__329.png,2,0.9999414682388306,2
Cine-Clip_train_114__332.png,2,0.9999401569366455,2
Cine-Clip_train_114__347.png,2,0.999943733215332,2
Cine-Clip_train_114__348.png,2,0.9999434947967529,2
Cine-Clip_train_114__364.png,2,0.9999366998672485,2
Cine-Clip_train_114__368.png,2,0.9999376535415649,2
Cine-Clip_train_114__369.png,2,0.9999366998672485,2
Cine-Clip_train_114__376.png,2,0.9999344348907471,2
Cine-Clip_train_114__379.png,2,0.9999370574951172,2
Cine-Clip_train_114__383.png,2,0.9999336004257202,2
Cine-Clip_train_114__387.png,2,0.9999382495880127,2
Cine-Clip_train_114__394.png,2,0.9999369382858276,2
Cine-Clip_train_116__105.png,4,0.9999920129776001,4
Cine-Clip_train_116__106.png,4,0.9999921321868896,4
Cine-Clip_train_116__109.png,4,0.9999921321868896,4
Cine-Clip_train_116__111.png,4,0.9999921321868896,4
Cine-Clip_train_116__118.png,4,0.9999920129776001,4
Cine-Clip_train_116__121.png,4,0.9999921321868896,4
Cine-Clip_train_116__122.png,4,0.9999921321868896,4
Cine-Clip_train_116__124.png,4,0.9999921321868896,4
Cine-Clip_train_116__130.png,4,0.9999921321868896,4
Cine-Clip_train_116__145.png,4,0.9999921321868896,4
Cine-Clip_train_116__146.png,4,0.9999921321868896,4
Cine-Clip_train_116__149.png,4,0.9999921321868896,4
Cine-Clip_train_116__150.png,4,0.9999921321868896,4
Cine-Clip_train_116__152.png,4,0.9999921321868896,4
Cine-Clip_train_116__157.png,4,0.9999920129776001,4
Cine-Clip_train_116__37.png,4,0.9999918937683105,4
Cine-Clip_train_116__41.png,4,0.9999920129776001,4
Cine-Clip_train_116__53.png,4,0.9999920129776001,4
Cine-Clip_train_116__68.png,4,0.9999918937683105,4
Cine-Clip_train_116__69.png,4,0.9999918937683105,4
Cine-Clip_train_116__75.png,4,0.9999918937683105,4
Cine-Clip_train_116__78.png,4,0.9999920129776001,4
Cine-Clip_train_116__87.png,4,0.9999920129776001,4
Cine-Clip_train_116__89.png,4,0.9999920129776001,4
Cine-Clip_train_116__91.png,4,0.9999921321868896,4
Cine-Clip_train_116__96.png,4,0.9999920129776001,4
Cine-Clip_train_116__98.png,4,0.9999920129776001,4
Cine-Clip_train_117__100.png,1,0.9999797344207764,1
Cine-Clip_train_117__102.png,1,0.9999793767929077,1
Cine-Clip_train_117__105.png,1,0.9999790191650391,1
Cine-Clip_train_117__109.png,1,0.9999799728393555,1
Cine-Clip_train_117__11.png,1,0.9999837875366211,1
Cine-Clip_train_117__113.png,1,0.9999819993972778,1
Cine-Clip_train_117__20.png,1,0.9999821186065674,1
Cine-Clip_train_117__29.png,1,0.999983549118042,1
Cine-Clip_train_117__41.png,1,0.9999845027923584,1
Cine-Clip_train_117__49.png,1,0.9999833106994629,1
Cine-Clip_train_117__50.png,1,0.9999829530715942,1
Cine-Clip_train_117__52.png,1,0.9999825954437256,1
Cine-Clip_train_117__58.png,1,0.9999827146530151,1
Cine-Clip_train_117__65.png,1,0.9999816417694092,1
Cine-Clip_train_117__69.png,1,0.9999793767929077,1
Cine-Clip_train_117__70.png,1,0.9999802112579346,1
Cine-Clip_train_117__73.png,1,0.9999810457229614,1
Cine-Clip_train_117__76.png,1,0.999982476234436,1
Cine-Clip_train_117__77.png,1,0.9999833106994629,1
Cine-Clip_train_117__80.png,1,0.9999840259552002,1
Cine-Clip_train_117__81.png,1,0.9999841451644897,1
Cine-Clip_train_117__84.png,1,0.9999836683273315,1
Cine-Clip_train_117__87.png,1,0.9999836683273315,1
Cine-Clip_train_117__90.png,1,0.9999842643737793,1
Cine-Clip_train_117__95.png,1,0.9999816417694092,1
Cine-Clip_train_118__21.png,3,0.9999784231185913,3
Cine-Clip_train_118__35.png,3,0.9999775886535645,3
Cine-Clip_train_118__39.png,3,0.9999769926071167,3
Cine-Clip_train_118__43.png,3,0.9999781847000122,3
Cine-Clip_train_118__46.png,3,0.9999775886535645,3
Cine-Clip_train_118__48.png,3,0.9999775886535645,3
Cine-Clip_train_11__105.png,4,0.9999920129776001,4
Cine-Clip_train_11__111.png,4,0.9999921321868896,4
Cine-Clip_train_11__124.png,4,0.9999921321868896,4
Cine-Clip_train_11__125.png,4,0.9999921321868896,4
Cine-Clip_train_11__129.png,4,0.9999920129776001,4
Cine-Clip_train_11__134.png,4,0.9999921321868896,4
Cine-Clip_train_11__136.png,4,0.9999921321868896,4
Cine-Clip_train_11__137.png,4,0.9999920129776001,4
Cine-Clip_train_11__14.png,4,0.9999920129776001,4
Cine-Clip_train_11__140.png,4,0.9999918937683105,4
Cine-Clip_train_11__143.png,4,0.9999918937683105,4
Cine-Clip_train_11__148.png,4,0.9999920129776001,4
Cine-Clip_train_11__15.png,4,0.9999920129776001,4
Cine-Clip_train_11__16.png,4,0.9999920129776001,4
Cine-Clip_train_11__161.png,4,0.9999920129776001,4
Cine-Clip_train_11__163.png,4,0.9999920129776001,4
Cine-Clip_train_11__19.png,4,0.9999921321868896,4
Cine-Clip_train_11__2.png,4,0.9999920129776001,4
Cine-Clip_train_11__32.png,4,0.9999920129776001,4
Cine-Clip_train_11__33.png,4,0.9999920129776001,4
Cine-Clip_train_11__38.png,4,0.9999920129776001,4
Cine-Clip_train_11__53.png,4,0.9999921321868896,4
Cine-Clip_train_11__54.png,4,0.9999921321868896,4
Cine-Clip_train_11__55.png,4,0.9999920129776001,4
Cine-Clip_train_11__56.png,4,0.9999920129776001,4
Cine-Clip_train_11__6.png,4,0.9999918937683105,4
Cine-Clip_train_11__63.png,4,0.9999920129776001,4
Cine-Clip_train_11__65.png,4,0.9999921321868896,4
Cine-Clip_train_11__71.png,4,0.9999920129776001,4
Cine-Clip_train_11__72.png,4,0.9999920129776001,4
Cine-Clip_train_11__73.png,4,0.9999920129776001,4
Cine-Clip_train_11__74.png,4,0.9999920129776001,4
Cine-Clip_train_11__8.png,4,0.9999918937683105,4
Cine-Clip_train_11__84.png,4,0.9999920129776001,4
Cine-Clip_train_11__89.png,4,0.9999921321868896,4
Cine-Clip_train_11__9.png,4,0.9999918937683105,4
Cine-Clip_train_11__92.png,4,0.9999921321868896,4
Cine-Clip_train_11__98.png,4,0.9999920129776001,4
Cine-Clip_train_120__17.png,4,0.9999914169311523,4
Cine-Clip_train_120__19.png,4,0.9999909400939941,4
Cine-Clip_train_120__23.png,4,0.9999902248382568,4
Cine-Clip_train_120__32.png,4,0.9999912977218628,4
Cine-Clip_train_120__45.png,4,0.9999889135360718,4
Cine-Clip_train_121__66.png,2,0.999940037727356,2
Cine-Clip_train_121__67.png,2,0.9999415874481201,2
Cine-Clip_train_121__72.png,2,0.9999403953552246,2
Cine-Clip_train_121__74.png,2,0.9999415874481201,2
Cine-Clip_train_121__79.png,2,0.9999433755874634,2
Cine-Clip_train_121__80.png,2,0.999941349029541,2
Cine-Clip_train_121__86.png,2,0.9999383687973022,2
Cine-Clip_train_121__91.png,2,0.9999455213546753,2
Cine-Clip_train_121__94.png,2,0.999945878982544,2
Cine-Clip_train_121__95.png,2,0.9999454021453857,2
Cine-Clip_train_121__97.png,2,0.9999426603317261,2
Cine-Clip_train_121__98.png,2,0.999943733215332,2
Cine-Clip_train_122__101.png,3,0.9999780654907227,3
Cine-Clip_train_122__102.png,3,0.9999779462814331,3
Cine-Clip_train_122__104.png,3,0.999977707862854,3
Cine-Clip_train_122__106.png,3,0.9999768733978271,3
Cine-Clip_train_122__120.png,3,0.9999781847000122,3
Cine-Clip_train_122__124.png,3,0.9999779462814331,3
Cine-Clip_train_122__125.png,3,0.9999779462814331,3
Cine-Clip_train_122__127.png,3,0.9999778270721436,3
Cine-Clip_train_122__128.png,3,0.9999783039093018,3
Cine-Clip_train_122__131.png,3,0.9999785423278809,3
Cine-Clip_train_122__133.png,3,0.9999786615371704,3
Cine-Clip_train_122__136.png,3,0.9999784231185913,3
Cine-Clip_train_122__137.png,3,0.9999781847000122,3
Cine-Clip_train_122__138.png,3,0.9999783039093018,3
Cine-Clip_train_122__141.png,3,0.9999779462814331,3
Cine-Clip_train_122__142.png,3,0.9999778270721436,3
Cine-Clip_train_122__147.png,3,0.9999772310256958,3
Cine-Clip_train_122__150.png,3,0.9999758005142212,3
Cine-Clip_train_122__152.png,3,0.9999734163284302,3
Cine-Clip_train_122__153.png,3,0.9999740123748779,3
Cine-Clip_train_122__157.png,3,0.9999756813049316,3
Cine-Clip_train_122__70.png,3,0.9999685287475586,3
Cine-Clip_train_122__74.png,3,0.9999754428863525,3
Cine-Clip_train_122__75.png,3,0.999975323677063,3
Cine-Clip_train_122__76.png,3,0.9999750852584839,3
Cine-Clip_train_122__78.png,3,0.9999746084213257,3
Cine-Clip_train_122__79.png,3,0.9999735355377197,3
Cine-Clip_train_122__92.png,3,0.9999783039093018,3
Cine-Clip_train_122__93.png,3,0.9999784231185913,3
Cine-Clip_train_122__95.png,3,0.99997878074646,3
Cine-Clip_train_122__99.png,3,0.9999781847000122,3
Cine-Clip_train_123__138.png,3,0.999977707862854,3
Cine-Clip_train_123__143.png,3,0.9999780654907227,3
Cine-Clip_train_123__148.png,3,0.999977707862854,3
Cine-Clip_train_123__149.png,3,0.999977707862854,3
Cine-Clip_train_123__150.png,3,0.9999774694442749,3
Cine-Clip_train_123__159.png,3,0.9999781847000122,3
Cine-Clip_train_123__162.png,3,0.9999780654907227,3
Cine-Clip_train_123__171.png,3,0.9999779462814331,3
Cine-Clip_train_123__176.png,3,0.9999778270721436,3
Cine-Clip_train_123__181.png,3,0.9999771118164062,3
Cine-Clip_train_123__185.png,3,0.9999775886535645,3
Cine-Clip_train_123__186.png,3,0.999977707862854,3
Cine-Clip_train_123__192.png,3,0.9999784231185913,3
Cine-Clip_train_123__193.png,3,0.9999786615371704,3
Cine-Clip_train_123__210.png,3,0.9999772310256958,3
Cine-Clip_train_123__211.png,3,0.9999772310256958,3
Cine-Clip_train_123__223.png,3,0.9999765157699585,3
Cine-Clip_train_123__226.png,3,0.999976634979248,3
Cine-Clip_train_123__229.png,3,0.9999749660491943,3
Cine-Clip_train_123__230.png,3,0.9999750852584839,3
Cine-Clip_train_123__234.png,3,0.999975323677063,3
Cine-Clip_train_124__44.png,3,0.9999715089797974,3
Cine-Clip_train_124__45.png,3,0.9999721050262451,3
Cine-Clip_train_124__48.png,3,0.9999725818634033,3
Cine-Clip_train_124__55.png,3,0.999972939491272,3
Cine-Clip_train_124__58.png,3,0.9999725818634033,3
Cine-Clip_train_124__60.png,3,0.9999721050262451,3
Cine-Clip_train_124__61.png,3,0.9999687671661377,3
Cine-Clip_train_124__63.png,3,0.9999679327011108,3
Cine-Clip_train_124__64.png,3,0.9999693632125854,3
Cine-Clip_train_124__69.png,3,0.9999719858169556,3
Cine-Clip_train_124__71.png,3,0.9999716281890869,3
Cine-Clip_train_124__76.png,3,0.9999678134918213,3
Cine-Clip_train_125__101.png,4,0.9999915361404419,4
Cine-Clip_train_125__104.png,4,0.9999916553497314,4
Cine-Clip_train_125__115.png,4,0.9999916553497314,4
Cine-Clip_train_125__128.png,4,0.9999916553497314,4
Cine-Clip_train_125__130.png,4,0.9999916553497314,4
Cine-Clip_train_125__136.png,4,0.9999915361404419,4
Cine-Clip_train_125__140.png,4,0.9999916553497314,4
Cine-Clip_train_125__146.png,4,0.999990701675415,4
Cine-Clip_train_125__151.png,4,0.9999908208847046,4
Cine-Clip_train_125__42.png,4,0.9999905824661255,4
Cine-Clip_train_125__43.png,4,0.9999908208847046,4
Cine-Clip_train_125__45.png,4,0.9999901056289673,4
Cine-Clip_train_125__46.png,4,0.9999902248382568,4
Cine-Clip_train_125__49.png,4,0.999990701675415,4
Cine-Clip_train_125__59.png,4,0.9999912977218628,4
Cine-Clip_train_125__69.png,4,0.9999912977218628,4
Cine-Clip_train_125__72.png,4,0.9999912977218628,4
Cine-Clip_train_125__74.png,4,0.9999912977218628,4
Cine-Clip_train_125__77.png,4,0.9999914169311523,4
Cine-Clip_train_125__83.png,4,0.9999914169311523,4
Cine-Clip_train_126__26.png,4,0.9999920129776001,4
Cine-Clip_train_126__27.png,4,0.9999918937683105,4
Cine-Clip_train_126__38.png,4,0.9999918937683105,4
Cine-Clip_train_126__45.png,4,0.999991774559021,4
Cine-Clip_train_127__10.png,2,0.99993896484375,2
Cine-Clip_train_127__15.png,2,0.9999314546585083,2
Cine-Clip_train_127__19.png,2,0.9999397993087769,2
Cine-Clip_train_127__26.png,2,0.9999440908432007,2
Cine-Clip_train_127__28.png,2,0.9999440908432007,2
Cine-Clip_train_127__31.png,2,0.999942421913147,2
Cine-Clip_train_127__33.png,2,0.9999408721923828,2
Cine-Clip_train_127__34.png,2,0.9999395608901978,2
Cine-Clip_train_127__39.png,2,0.9999334812164307,2
Cine-Clip_train_127__4.png,2,0.9999377727508545,2
Cine-Clip_train_127__41.png,2,0.9999293088912964,2
Cine-Clip_train_127__43.png,2,0.9999305009841919,2
Cine-Clip_train_127__48.png,2,0.9999178647994995,2
Cine-Clip_train_127__53.png,2,0.9999200105667114,2
Cine-Clip_train_127__59.png,2,0.9999264478683472,2
Cine-Clip_train_127__6.png,2,0.9999387264251709,2
Cine-Clip_train_127__61.png,2,0.9999288320541382,2
Cine-Clip_train_127__65.png,2,0.9999346733093262,2
Cine-Clip_train_127__69.png,2,0.999930739402771,2
Cine-Clip_train_127__7.png,2,0.9999372959136963,2
Cine-Clip_train_127__70.png,2,0.9999282360076904,2
Cine-Clip_train_127__73.png,2,0.9999204874038696,2
Cine-Clip_train_127__75.png,2,0.9999215602874756,2
Cine-Clip_train_127__78.png,2,0.9999227523803711,2
Cine-Clip_train_127__79.png,2,0.999921441078186,2
Cine-Clip_train_127__87.png,2,0.9999262094497681,2
Cine-Clip_train_128__10.png,2,0.999931812286377,2
Cine-Clip_train_128__100.png,2,0.9999415874481201,2
Cine-Clip_train_128__101.png,2,0.9999421834945679,2
Cine-Clip_train_128__103.png,2,0.9999420642852783,2
Cine-Clip_train_128__116.png,2,0.9999417066574097,2
Cine-Clip_train_128__119.png,2,0.9999403953552246,2
Cine-Clip_train_128__127.png,2,0.9999418258666992,2
Cine-Clip_train_128__128.png,2,0.9999419450759888,2
Cine-Clip_train_128__132.png,2,0.9999408721923828,2
Cine-Clip_train_128__136.png,2,0.9999399185180664,2
Cine-Clip_train_128__138.png,2,0.9999409914016724,2
Cine-Clip_train_128__139.png,2,0.9999409914016724,2
Cine-Clip_train_128__143.png,2,0.9999397993087769,2
Cine-Clip_train_128__149.png,2,0.999942421913147,2
Cine-Clip_train_128__150.png,2,0.9999423027038574,2
Cine-Clip_train_128__157.png,2,0.9999421834945679,2
Cine-Clip_train_128__16.png,2,0.9999333620071411,2
Cine-Clip_train_128__161.png,2,0.999941349029541,2
Cine-Clip_train_128__163.png,2,0.9999408721923828,2
Cine-Clip_train_128__17.png,2,0.9999337196350098,2
Cine-Clip_train_128__26.png,2,0.9999382495880127,2
Cine-Clip_train_128__29.png,2,0.9999377727508545,2
Cine-Clip_train_128__31.png,2,0.9999380111694336,2
Cine-Clip_train_128__36.png,2,0.9999384880065918,2
Cine-Clip_train_128__39.png,2,0.9999380111694336,2
Cine-Clip_train_128__42.png,2,0.9999376535415649,2
Cine-Clip_train_128__50.png,2,0.999937891960144,2
Cine-Clip_train_128__53.png,2,0.9999374151229858,2
Cine-Clip_train_128__54.png,2,0.9999371767044067,2
Cine-Clip_train_128__55.png,2,0.9999381303787231,2
Cine-Clip_train_128__57.png,2,0.9999371767044067,2
Cine-Clip_train_128__59.png,2,0.9999388456344604,2
Cine-Clip_train_128__60.png,2,0.9999394416809082,2
Cine-Clip_train_128__61.png,2,0.9999393224716187,2
Cine-Clip_train_128__62.png,2,0.9999396800994873,2
Cine-Clip_train_128__68.png,2,0.9999397993087769,2
Cine-Clip_train_128__70.png,2,0.9999393224716187,2
Cine-Clip_train_128__71.png,2,0.9999394416809082,2
Cine-Clip_train_128__72.png,2,0.9999390840530396,2
Cine-Clip_train_128__81.png,2,0.9999399185180664,2
Cine-Clip_train_128__94.png,2,0.9999430179595947,2
Cine-Clip_train_128__95.png,2,0.9999428987503052,2
Cine-Clip_train_128__96.png,2,0.9999428987503052,2
Cine-Clip_train_129__1.png,2,0.9999324083328247,2
Cine-Clip_train_129__10.png,2,0.9999423027038574,2
Cine-Clip_train_129__102.png,2,0.9999134540557861,2
Cine-Clip_train_129__103.png,2,0.9999127388000488,2
Cine-Clip_train_129__106.png,2,0.9999092817306519,2
Cine-Clip_train_129__120.png,2,0.9998645782470703,2
Cine-Clip_train_129__125.png,2,0.9998570680618286,2
Cine-Clip_train_129__13.png,2,0.9999381303787231,2
Cine-Clip_train_129__25.png,2,0.9999408721923828,2
Cine-Clip_train_129__27.png,2,0.9999417066574097,2
Cine-Clip_train_129__31.png,2,0.9999409914016724,2
Cine-Clip_train_129__35.png,2,0.9999328851699829,2
Cine-Clip_train_129__39.png,2,0.999941349029541,2
Cine-Clip_train_129__40.png,2,0.9999405145645142,2
Cine-Clip_train_129__42.png,2,0.9999405145645142,2
Cine-Clip_train_129__44.png,2,0.9999408721923828,2
Cine-Clip_train_129__49.png,2,0.9999382495880127,2
Cine-Clip_train_129__53.png,2,0.9999371767044067,2
Cine-Clip_train_129__60.png,2,0.9999300241470337,2
Cine-Clip_train_129__64.png,2,0.9999305009841919,2
Cine-Clip_train_129__66.png,2,0.9999306201934814,2
Cine-Clip_train_129__67.png,2,0.9999294281005859,2
Cine-Clip_train_129__76.png,2,0.9999271631240845,2
Cine-Clip_train_129__81.png,2,0.9999278783798218,2
Cine-Clip_train_129__89.png,2,0.999935507774353,2
Cine-Clip_train_129__91.png,2,0.9999334812164307,2
Cine-Clip_train_129__92.png,2,0.9999351501464844,2
Cine-Clip_train_129__98.png,2,0.9999299049377441,2
Cine-Clip_train_129__99.png,2,0.9999274015426636,2
Cine-Clip_train_12__13.png,4,0.9999915361404419,4
Cine-Clip_train_12__18.png,4,0.9999916553497314,4
Cine-Clip_train_12__31.png,4,0.9999914169311523,4
Cine-Clip_train_12__32.png,4,0.9999914169311523,4
Cine-Clip_train_12__33.png,4,0.9999915361404419,4
Cine-Clip_train_12__34.png,4,0.999991774559021,4
Cine-Clip_train_12__36.png,4,0.999991774559021,4
Cine-Clip_train_12__42.png,4,0.9999915361404419,4
Cine-Clip_train_12__47.png,4,0.9999915361404419,4
Cine-Clip_train_12__53.png,4,0.9999914169311523,4
Cine-Clip_train_12__54.png,4,0.9999914169311523,4
Cine-Clip_train_12__75.png,4,0.9999916553497314,4
Cine-Clip_train_12__88.png,4,0.9999915361404419,4
Cine-Clip_train_130__11.png,3,0.9999773502349854,3
Cine-Clip_train_130__15.png,3,0.9999793767929077,3
Cine-Clip_train_130__24.png,3,0.9999773502349854,3
Cine-Clip_train_130__31.png,3,0.9999772310256958,3
Cine-Clip_train_130__45.png,3,0.9999794960021973,3
Cine-Clip_train_130__51.png,3,0.9999791383743286,3
Cine-Clip_train_130__55.png,3,0.9999796152114868,3
Cine-Clip_train_130__58.png,3,0.9999790191650391,3
Cine-Clip_train_130__63.png,3,0.9999791383743286,3
Cine-Clip_train_130__72.png,3,0.99997878074646,3
Cine-Clip_train_132__100.png,4,0.9999918937683105,4
Cine-Clip_train_132__105.png,4,0.9999918937683105,4
Cine-Clip_train_132__109.png,4,0.9999920129776001,4
Cine-Clip_train_132__110.png,4,0.9999918937683105,4
Cine-Clip_train_132__113.png,4,0.999991774559021,4
Cine-Clip_train_132__130.png,4,0.9999920129776001,4
Cine-Clip_train_132__135.png,4,0.9999921321868896,4
Cine-Clip_train_132__151.png,4,0.9999921321868896,4
Cine-Clip_train_132__156.png,4,0.9999918937683105,4
Cine-Clip_train_132__37.png,4,0.9999920129776001,4
Cine-Clip_train_132__38.png,4,0.9999920129776001,4
Cine-Clip_train_132__42.png,4,0.9999920129776001,4
Cine-Clip_train_132__47.png,4,0.9999920129776001,4
Cine-Clip_train_132__48.png,4,0.9999920129776001,4
Cine-Clip_train_132__52.png,4,0.9999920129776001,4
Cine-Clip_train_132__54.png,4,0.9999920129776001,4
Cine-Clip_train_132__58.png,4,0.9999918937683105,4
Cine-Clip_train_132__65.png,4,0.9999920129776001,4
Cine-Clip_train_132__74.png,4,0.9999920129776001,4
Cine-Clip_train_132__79.png,4,0.9999920129776001,4
Cine-Clip_train_132__80.png,4,0.9999920129776001,4
Cine-Clip_train_132__87.png,4,0.9999920129776001,4
Cine-Clip_train_132__94.png,4,0.9999920129776001,4
Cine-Clip_train_133__1.png,3,0.9999779462814331,3
Cine-Clip_train_133__104.png,3,0.9999785423278809,3
Cine-Clip_train_133__105.png,3,0.9999786615371704,3
Cine-Clip_train_133__107.png,3,0.9999786615371704,3
Cine-Clip_train_133__16.png,3,0.9999774694442749,3
Cine-Clip_train_133__24.png,3,0.999976634979248,3
Cine-Clip_train_133__29.png,3,0.9999778270721436,3
Cine-Clip_train_133__34.png,3,0.9999783039093018,3
Cine-Clip_train_133__35.png,3,0.9999780654907227,3
Cine-Clip_train_133__37.png,3,0.9999775886535645,3
Cine-Clip_train_133__39.png,3,0.9999779462814331,3
Cine-Clip_train_133__4.png,3,0.9999779462814331,3
Cine-Clip_train_133__41.png,3,0.9999781847000122,3
Cine-Clip_train_133__43.png,3,0.9999778270721436,3
Cine-Clip_train_133__44.png,3,0.9999778270721436,3
Cine-Clip_train_133__57.png,3,0.9999786615371704,3
Cine-Clip_train_133__60.png,3,0.99997878074646,3
Cine-Clip_train_133__68.png,3,0.9999784231185913,3
Cine-Clip_train_133__7.png,3,0.9999773502349854,3
Cine-Clip_train_133__72.png,3,0.9999778270721436,3
Cine-Clip_train_133__75.png,3,0.999977707862854,3
Cine-Clip_train_133__76.png,3,0.999977707862854,3
Cine-Clip_train_133__78.png,3,0.999977707862854,3
Cine-Clip_train_133__81.png,3,0.999977707862854,3
Cine-Clip_train_133__83.png,3,0.9999780654907227,3
Cine-Clip_train_133__85.png,3,0.9999784231185913,3
Cine-Clip_train_133__88.png,3,0.9999786615371704,3
Cine-Clip_train_133__95.png,3,0.9999786615371704,3
Cine-Clip_train_134__101.png,2,0.9999436140060425,2
Cine-Clip_train_134__108.png,2,0.9999440908432007,2
Cine-Clip_train_134__116.png,2,0.9999455213546753,2
Cine-Clip_train_134__117.png,2,0.9999455213546753,2
Cine-Clip_train_134__122.png,2,0.9999454021453857,2
Cine-Clip_train_134__128.png,2,0.9999449253082275,2
Cine-Clip_train_134__130.png,2,0.9999457597732544,2
Cine-Clip_train_134__136.png,2,0.999943733215332,2
Cine-Clip_train_134__138.png,2,0.9999412298202515,2
Cine-Clip_train_134__142.png,2,0.9999426603317261,2
Cine-Clip_train_134__143.png,2,0.9999444484710693,2
Cine-Clip_train_134__146.png,2,0.9999449253082275,2
Cine-Clip_train_134__147.png,2,0.9999446868896484,2
Cine-Clip_train_134__15.png,2,0.9999340772628784,2
Cine-Clip_train_134__152.png,2,0.9999439716339111,2
Cine-Clip_train_134__155.png,2,0.9999442100524902,2
Cine-Clip_train_134__160.png,2,0.9999438524246216,2
Cine-Clip_train_134__165.png,2,0.9999334812164307,2
Cine-Clip_train_134__167.png,2,0.9999297857284546,2
Cine-Clip_train_134__174.png,2,0.999901294708252,2
Cine-Clip_train_134__22.png,2,0.9999399185180664,2
Cine-Clip_train_134__24.png,2,0.9999425411224365,2
Cine-Clip_train_134__26.png,2,0.9999417066574097,2
Cine-Clip_train_134__34.png,2,0.9999432563781738,2
Cine-Clip_train_134__38.png,2,0.9999426603317261,2
Cine-Clip_train_134__39.png,2,0.9999428987503052,2
Cine-Clip_train_134__40.png,2,0.9999431371688843,2
Cine-Clip_train_134__53.png,2,0.999941349029541,2
Cine-Clip_train_134__54.png,2,0.9999412298202515,2
Cine-Clip_train_134__58.png,2,0.9999366998672485,2
Cine-Clip_train_134__60.png,2,0.9999330043792725,2
Cine-Clip_train_134__65.png,2,0.9999334812164307,2
Cine-Clip_train_134__78.png,2,0.9999347925186157,2
Cine-Clip_train_134__79.png,2,0.9999370574951172,2
Cine-Clip_train_134__85.png,2,0.9999418258666992,2
Cine-Clip_train_134__93.png,2,0.9999442100524902,2
Cine-Clip_train_134__96.png,2,0.9999428987503052,2
Cine-Clip_train_134__99.png,2,0.9999440908432007,2
Cine-Clip_train_136__272.png,4,0.999991774559021,4
Cine-Clip_train_136__282.png,4,0.999991774559021,4
Cine-Clip_train_136__292.png,4,0.9999918937683105,4
Cine-Clip_train_136__295.png,4,0.9999918937683105,4
Cine-Clip_train_136__296.png,4,0.9999918937683105,4
Cine-Clip_train_136__300.png,4,0.9999918937683105,4
Cine-Clip_train_136__303.png,4,0.9999918937683105,4
Cine-Clip_train_136__304.png,4,0.9999918937683105,4
Cine-Clip_train_136__311.png,4,0.999991774559021,4
Cine-Clip_train_136__312.png,4,0.999991774559021,4
Cine-Clip_train_136__313.png,4,0.999991774559021,4
Cine-Clip_train_136__319.png,4,0.999991774559021,4
Cine-Clip_train_136__321.png,4,0.999991774559021,4
Cine-Clip_train_136__323.png,4,0.999991774559021,4
Cine-Clip_train_136__327.png,4,0.999991774559021,4
Cine-Clip_train_136__328.png,4,0.999991774559021,4
Cine-Clip_train_136__330.png,4,0.999991774559021,4
Cine-Clip_train_136__333.png,4,0.999991774559021,4
Cine-Clip_train_136__336.png,4,0.999991774559021,4
Cine-Clip_train_136__339.png,4,0.999991774559021,4
Cine-Clip_train_136__344.png,4,0.9999918937683105,4
Cine-Clip_train_136__347.png,4,0.9999918937683105,4
Cine-Clip_train_136__355.png,4,0.9999918937683105,4
Cine-Clip_train_136__369.png,4,0.9999918937683105,4
Cine-Clip_train_136__378.png,4,0.9999918937683105,4
Cine-Clip_train_136__381.png,4,0.9999918937683105,4
Cine-Clip_train_136__383.png,4,0.9999918937683105,4
Cine-Clip_train_136__387.png,4,0.9999918937683105,4
Cine-Clip_train_136__393.png,4,0.9999918937683105,4
Cine-Clip_train_136__401.png,4,0.9999918937683105,4
Cine-Clip_train_136__406.png,4,0.999991774559021,4
Cine-Clip_train_136__410.png,4,0.9999918937683105,4
Cine-Clip_train_136__411.png,4,0.9999918937683105,4
Cine-Clip_train_136__419.png,4,0.9999918937683105,4
Cine-Clip_train_136__422.png,4,0.9999918937683105,4
Cine-Clip_train_136__424.png,4,0.999991774559021,4
Cine-Clip_train_136__427.png,4,0.9999916553497314,4
Cine-Clip_train_136__428.png,4,0.9999916553497314,4
Cine-Clip_train_136__433.png,4,0.9999916553497314,4
Cine-Clip_train_137__102.png,4,0.9999910593032837,4
Cine-Clip_train_137__104.png,4,0.9999912977218628,4
Cine-Clip_train_137__112.png,4,0.9999911785125732,4
Cine-Clip_train_137__25.png,4,0.9999891519546509,4
Cine-Clip_train_137__27.png,4,0.9999887943267822,4
Cine-Clip_train_137__32.png,4,0.9999865293502808,4
Cine-Clip_train_137__35.png,4,0.9999897480010986,4
Cine-Clip_train_137__38.png,4,0.9999897480010986,4
Cine-Clip_train_137__47.png,4,0.999990701675415,4
Cine-Clip_train_137__69.png,4,0.9999901056289673,4
Cine-Clip_train_137__71.png,4,0.9999905824661255,4
Cine-Clip_train_137__72.png,4,0.9999905824661255,4
Cine-Clip_train_137__73.png,4,0.9999908208847046,4
Cine-Clip_train_137__77.png,4,0.9999910593032837,4
Cine-Clip_train_137__78.png,4,0.9999909400939941,4
Cine-Clip_train_137__79.png,4,0.9999909400939941,4
Cine-Clip_train_137__87.png,4,0.9999914169311523,4
Cine-Clip_train_137__88.png,4,0.9999911785125732,4
Cine-Clip_train_137__90.png,4,0.9999911785125732,4
Cine-Clip_train_137__91.png,4,0.999990701675415,4
Cine-Clip_train_137__95.png,4,0.9999912977218628,4
Cine-Clip_train_138__104.png,3,0.9999779462814331,3
Cine-Clip_train_138__106.png,3,0.9999779462814331,3
Cine-Clip_train_138__111.png,3,0.9999786615371704,3
Cine-Clip_train_138__112.png,3,0.9999784231185913,3
Cine-Clip_train_138__116.png,3,0.9999783039093018,3
Cine-Clip_train_138__120.png,3,0.9999786615371704,3
Cine-Clip_train_138__127.png,3,0.9999790191650391,3
Cine-Clip_train_138__17.png,3,0.9999755620956421,3
Cine-Clip_train_138__20.png,3,0.9999772310256958,3
Cine-Clip_train_138__23.png,3,0.9999780654907227,3
Cine-Clip_train_138__35.png,3,0.9999790191650391,3
Cine-Clip_train_138__48.png,3,0.9999781847000122,3
Cine-Clip_train_138__52.png,3,0.9999785423278809,3
Cine-Clip_train_138__54.png,3,0.9999785423278809,3
Cine-Clip_train_138__55.png,3,0.9999784231185913,3
Cine-Clip_train_138__66.png,3,0.99997878074646,3
Cine-Clip_train_138__67.png,3,0.9999784231185913,3
Cine-Clip_train_138__70.png,3,0.9999781847000122,3
Cine-Clip_train_138__71.png,3,0.9999780654907227,3
Cine-Clip_train_138__72.png,3,0.9999784231185913,3
Cine-Clip_train_138__85.png,3,0.9999778270721436,3
Cine-Clip_train_138__89.png,3,0.9999781847000122,3
Cine-Clip_train_138__93.png,3,0.9999783039093018,3
Cine-Clip_train_138__96.png,3,0.9999775886535645,3
Cine-Clip_train_138__98.png,3,0.9999772310256958,3
Cine-Clip_train_138__99.png,3,0.9999775886535645,3
Cine-Clip_train_139__30.png,4,0.9999915361404419,4
Cine-Clip_train_139__36.png,4,0.9999916553497314,4
Cine-Clip_train_139__37.png,4,0.9999916553497314,4
Cine-Clip_train_139__42.png,4,0.9999915361404419,4
Cine-Clip_train_139__43.png,4,0.9999915361404419,4
Cine-Clip_train_139__48.png,4,0.9999911785125732,4
Cine-Clip_train_139__50.png,4,0.9999911785125732,4
Cine-Clip_train_139__51.png,4,0.9999914169311523,4
Cine-Clip_train_139__53.png,4,0.9999916553497314,4
Cine-Clip_train_139__65.png,4,0.999991774559021,4
Cine-Clip_train_139__68.png,4,0.9999918937683105,4
Cine-Clip_train_139__70.png,4,0.999991774559021,4
Cine-Clip_train_139__71.png,4,0.999991774559021,4
Cine-Clip_train_139__73.png,4,0.999991774559021,4
Cine-Clip_train_139__82.png,4,0.999991774559021,4
Cine-Clip_train_139__83.png,4,0.999991774559021,4
Cine-Clip_train_139__85.png,4,0.999991774559021,4
Cine-Clip_train_139__94.png,4,0.9999899864196777,4
Cine-Clip_train_140__100.png,2,0.9975497126579285,2
Cine-Clip_train_140__104.png,2,0.9976146221160889,2
Cine-Clip_train_140__109.png,2,0.9984384179115295,2
Cine-Clip_train_140__110.png,2,0.9981749057769775,2
Cine-Clip_train_140__113.png,2,0.9979250431060791,2
Cine-Clip_train_140__115.png,2,0.9974433183670044,2
Cine-Clip_train_140__118.png,2,0.996198832988739,2
Cine-Clip_train_140__129.png,2,0.9937426447868347,2
Cine-Clip_train_140__144.png,2,0.9997578263282776,2
Cine-Clip_train_140__163.png,2,0.9994934797286987,2
Cine-Clip_train_140__164.png,2,0.9994648098945618,2
Cine-Clip_train_140__166.png,2,0.9995835423469543,2
Cine-Clip_train_140__172.png,2,0.9997137188911438,2
Cine-Clip_train_140__173.png,2,0.9996483325958252,2
Cine-Clip_train_140__179.png,2,0.998358428478241,2
Cine-Clip_train_140__183.png,2,0.9827433824539185,2
Cine-Clip_train_140__64.png,2,0.9959355592727661,2
Cine-Clip_train_140__69.png,2,0.9916332960128784,2
Cine-Clip_train_140__70.png,2,0.9872744083404541,2
Cine-Clip_train_140__77.png,2,0.9719862937927246,2
Cine-Clip_train_140__90.png,2,0.9944429993629456,2
Cine-Clip_train_140__96.png,2,0.9971467852592468,2
Cine-Clip_train_140__99.png,2,0.9976149797439575,2
Cine-Clip_train_141__10.png,3,0.9999759197235107,3
Cine-Clip_train_141__15.png,3,0.9999765157699585,3
Cine-Clip_train_141__17.png,3,0.9999736547470093,3
Cine-Clip_train_141__19.png,3,0.9999754428863525,3
Cine-Clip_train_141__20.png,3,0.9999760389328003,3
Cine-Clip_train_141__26.png,3,0.999976396560669,3
Cine-Clip_train_141__30.png,3,0.9999771118164062,3
Cine-Clip_train_141__32.png,3,0.9999775886535645,3
Cine-Clip_train_141__34.png,3,0.9999768733978271,3
Cine-Clip_train_141__42.png,3,0.9999774694442749,3
Cine-Clip_train_141__43.png,3,0.9999773502349854,3
Cine-Clip_train_141__47.png,3,0.9999771118164062,3
Cine-Clip_train_141__48.png,3,0.9999773502349854,3
Cine-Clip_train_141__51.png,3,0.9999775886535645,3
Cine-Clip_train_141__53.png,3,0.999977707862854,3
Cine-Clip_train_141__58.png,3,0.9999775886535645,3
Cine-Clip_train_141__6.png,3,0.9999760389328003,3
Cine-Clip_train_141__62.png,3,0.9999783039093018,3
Cine-Clip_train_141__67.png,3,0.9999772310256958,3
Cine-Clip_train_141__68.png,3,0.9999769926071167,3
Cine-Clip_train_141__7.png,3,0.9999760389328003,3
Cine-Clip_train_141__70.png,3,0.9999762773513794,3
Cine-Clip_train_141__74.png,3,0.9999771118164062,3
Cine-Clip_train_142__44.png,3,0.99997878074646,3
Cine-Clip_train_142__48.png,3,0.9999783039093018,3
Cine-Clip_train_143__103.png,3,0.9999797344207764,3
Cine-Clip_train_143__107.png,3,0.999980092048645,3
Cine-Clip_train_143__117.png,3,0.9999798536300659,3
Cine-Clip_train_143__119.png,3,0.9999798536300659,3
Cine-Clip_train_143__125.png,3,0.9999798536300659,3
Cine-Clip_train_143__127.png,3,0.9999796152114868,3
Cine-Clip_train_143__144.png,3,0.9999788999557495,3
Cine-Clip_train_143__148.png,3,0.9999784231185913,3
Cine-Clip_train_143__151.png,3,0.9999780654907227,3
Cine-Clip_train_143__157.png,3,0.9999767541885376,3
Cine-Clip_train_143__16.png,3,0.9999721050262451,3
Cine-Clip_train_143__164.png,3,0.9999773502349854,3
Cine-Clip_train_143__165.png,3,0.9999771118164062,3
Cine-Clip_train_143__168.png,3,0.9999744892120361,3
Cine-Clip_train_143__17.png,3,0.9999721050262451,3
Cine-Clip_train_143__21.png,3,0.9999761581420898,3
Cine-Clip_train_143__26.png,3,0.9999778270721436,3
Cine-Clip_train_143__38.png,3,0.9999793767929077,3
Cine-Clip_train_143__53.png,3,0.999980092048645,3
Cine-Clip_train_143__54.png,3,0.999980092048645,3
Cine-Clip_train_143__73.png,3,0.9999798536300659,3
Cine-Clip_train_143__88.png,3,0.9999794960021973,3
Cine-Clip_train_143__97.png,3,0.9999793767929077,3
Cine-Clip_train_144__11.png,4,0.9999885559082031,4
Cine-Clip_train_144__20.png,4,0.9999912977218628,4
Cine-Clip_train_144__23.png,4,0.9999911785125732,4
Cine-Clip_train_144__32.png,4,0.9999909400939941,4
Cine-Clip_train_144__38.png,4,0.9999914169311523,4
Cine-Clip_train_145__100.png,2,0.9999415874481201,2
Cine-Clip_train_145__101.png,2,0.9999427795410156,2
Cine-Clip_train_145__110.png,2,0.9999440908432007,2
Cine-Clip_train_145__121.png,2,0.9999449253082275,2
Cine-Clip_train_145__123.png,2,0.9999438524246216,2
Cine-Clip_train_145__125.png,2,0.9999428987503052,2
Cine-Clip_train_145__130.png,2,0.9999415874481201,2
Cine-Clip_train_145__143.png,2,0.9999431371688843,2
Cine-Clip_train_145__144.png,2,0.9999420642852783,2
Cine-Clip_train_145__146.png,2,0.9999412298202515,2
Cine-Clip_train_145__156.png,2,0.9999409914016724,2
Cine-Clip_train_145__161.png,2,0.9999432563781738,2
Cine-Clip_train_145__42.png,2,0.9999289512634277,2
Cine-Clip_train_145__44.png,2,0.999932050704956,2
Cine-Clip_train_145__50.png,2,0.9999343156814575,2
Cine-Clip_train_145__55.png,2,0.9999309778213501,2
Cine-Clip_train_145__64.png,2,0.9999359846115112,2
Cine-Clip_train_145__68.png,2,0.9999387264251709,2
Cine-Clip_train_145__81.png,2,0.999941349029541,2
Cine-Clip_train_145__82.png,2,0.9999418258666992,2
Cine-Clip_train_145__88.png,2,0.9999408721923828,2
Cine-Clip_train_145__89.png,2,0.9999420642852783,2
Cine-Clip_train_145__90.png,2,0.9999427795410156,2
Cine-Clip_train_146__106.png,2,0.9999344348907471,2
Cine-Clip_train_146__109.png,2,0.9999346733093262,2
Cine-Clip_train_146__125.png,2,0.9999430179595947,2
Cine-Clip_train_146__126.png,2,0.9999431371688843,2
Cine-Clip_train_146__128.png,2,0.9999397993087769,2
Cine-Clip_train_146__133.png,2,0.9999344348907471,2
Cine-Clip_train_146__134.png,2,0.9999357461929321,2
Cine-Clip_train_146__143.png,2,0.9999346733093262,2
Cine-Clip_train_146__148.png,2,0.9999265670776367,2
Cine-Clip_train_146__154.png,2,0.999936580657959,2
Cine-Clip_train_146__156.png,2,0.9999371767044067,2
Cine-Clip_train_146__160.png,2,0.9999303817749023,2
Cine-Clip_train_146__163.png,2,0.9999359846115112,2
Cine-Clip_train_146__179.png,2,0.9999351501464844,2
Cine-Clip_train_146__75.png,2,0.9999157190322876,2
Cine-Clip_train_146__83.png,2,0.9999356269836426,2
Cine-Clip_train_146__87.png,2,0.9999390840530396,2
Cine-Clip_train_146__89.png,2,0.9999372959136963,2
Cine-Clip_train_146__90.png,2,0.9999392032623291,2
Cine-Clip_train_146__93.png,2,0.9999394416809082,2
Cine-Clip_train_147__41.png,3,0.9999676942825317,3
Cine-Clip_train_147__44.png,3,0.9999697208404541,3
Cine-Clip_train_147__54.png,3,0.9999728202819824,3
Cine-Clip_train_148__100.png,3,0.9999779462814331,3
Cine-Clip_train_148__109.png,3,0.9999784231185913,3
Cine-Clip_train_148__114.png,3,0.9999785423278809,3
Cine-Clip_train_148__118.png,3,0.9999785423278809,3
Cine-Clip_train_148__123.png,3,0.9999784231185913,3
Cine-Clip_train_148__126.png,3,0.9999783039093018,3
Cine-Clip_train_148__139.png,3,0.9999785423278809,3
Cine-Clip_train_148__142.png,3,0.9999784231185913,3
Cine-Clip_train_148__145.png,3,0.9999783039093018,3
Cine-Clip_train_148__146.png,3,0.9999783039093018,3
Cine-Clip_train_148__153.png,3,0.9999780654907227,3
Cine-Clip_train_148__154.png,3,0.9999779462814331,3
Cine-Clip_train_148__158.png,3,0.9999779462814331,3
Cine-Clip_train_148__161.png,3,0.9999779462814331,3
Cine-Clip_train_148__165.png,3,0.9999781847000122,3
Cine-Clip_train_148__171.png,3,0.9999781847000122,3
Cine-Clip_train_148__172.png,3,0.9999784231185913,3
Cine-Clip_train_148__187.png,3,0.9999780654907227,3
Cine-Clip_train_148__205.png,3,0.9999780654907227,3
Cine-Clip_train_148__207.png,3,0.9999779462814331,3
Cine-Clip_train_148__21.png,3,0.9999780654907227,3
Cine-Clip_train_148__214.png,3,0.9999781847000122,3
Cine-Clip_train_148__217.png,3,0.9999781847000122,3
Cine-Clip_train_148__219.png,3,0.9999783039093018,3
Cine-Clip_train_148__220.png,3,0.9999781847000122,3
Cine-Clip_train_148__221.png,3,0.9999779462814331,3
Cine-Clip_train_148__224.png,3,0.9999783039093018,3
Cine-Clip_train_148__233.png,3,0.9999786615371704,3
Cine-Clip_train_148__239.png,3,0.9999785423278809,3
Cine-Clip_train_148__241.png,3,0.9999784231185913,3
Cine-Clip_train_148__242.png,3,0.9999784231185913,3
Cine-Clip_train_148__243.png,3,0.9999785423278809,3
Cine-Clip_train_148__247.png,3,0.9999785423278809,3
Cine-Clip_train_148__251.png,3,0.9999785423278809,3
Cine-Clip_train_148__258.png,3,0.9999783039093018,3
Cine-Clip_train_148__26.png,3,0.9999779462814331,3
Cine-Clip_train_148__265.png,3,0.9999784231185913,3
Cine-Clip_train_148__269.png,3,0.9999784231185913,3
Cine-Clip_train_148__279.png,3,0.9999786615371704,3
Cine-Clip_train_148__284.png,3,0.9999786615371704,3
Cine-Clip_train_148__285.png,3,0.9999786615371704,3
Cine-Clip_train_148__288.png,3,0.99997878074646,3
Cine-Clip_train_148__289.png,3,0.9999788999557495,3
Cine-Clip_train_148__291.png,3,0.99997878074646,3
Cine-Clip_train_148__292.png,3,0.99997878074646,3
Cine-Clip_train_148__294.png,3,0.99997878074646,3
Cine-Clip_train_148__298.png,3,0.99997878074646,3
Cine-Clip_train_148__300.png,3,0.99997878074646,3
Cine-Clip_train_148__302.png,3,0.9999786615371704,3
Cine-Clip_train_148__303.png,3,0.9999786615371704,3
Cine-Clip_train_148__310.png,3,0.9999783039093018,3
Cine-Clip_train_148__312.png,3,0.9999785423278809,3
Cine-Clip_train_148__325.png,3,0.9999785423278809,3
Cine-Clip_train_148__330.png,3,0.9999786615371704,3
Cine-Clip_train_148__336.png,3,0.9999785423278809,3
Cine-Clip_train_148__337.png,3,0.9999785423278809,3
Cine-Clip_train_148__339.png,3,0.9999785423278809,3
Cine-Clip_train_148__343.png,3,0.9999784231185913,3
Cine-Clip_train_148__344.png,3,0.9999783039093018,3
Cine-Clip_train_148__35.png,3,0.9999783039093018,3
Cine-Clip_train_148__350.png,3,0.9999780654907227,3
Cine-Clip_train_148__354.png,3,0.9999780654907227,3
Cine-Clip_train_148__362.png,3,0.9999784231185913,3
Cine-Clip_train_148__363.png,3,0.9999784231185913,3
Cine-Clip_train_148__37.png,3,0.9999783039093018,3
Cine-Clip_train_148__375.png,3,0.9999784231185913,3
Cine-Clip_train_148__383.png,3,0.9999778270721436,3
Cine-Clip_train_148__385.png,3,0.9999778270721436,3
Cine-Clip_train_148__386.png,3,0.9999778270721436,3
Cine-Clip_train_148__395.png,3,0.9999779462814331,3
Cine-Clip_train_148__396.png,3,0.9999779462814331,3
Cine-Clip_train_148__400.png,3,0.9999774694442749,3
Cine-Clip_train_148__402.png,3,0.9999774694442749,3
Cine-Clip_train_148__403.png,3,0.9999775886535645,3
Cine-Clip_train_148__418.png,3,0.9999781847000122,3
Cine-Clip_train_148__419.png,3,0.9999783039093018,3
Cine-Clip_train_148__420.png,3,0.9999784231185913,3
Cine-Clip_train_148__425.png,3,0.9999785423278809,3
Cine-Clip_train_148__430.png,3,0.9999783039093018,3
Cine-Clip_train_148__443.png,3,0.9999781847000122,3
Cine-Clip_train_148__49.png,3,0.9999785423278809,3
Cine-Clip_train_148__52.png,3,0.9999784231185913,3
Cine-Clip_train_148__53.png,3,0.9999783039093018,3
Cine-Clip_train_148__65.png,3,0.9999786615371704,3
Cine-Clip_train_148__68.png,3,0.9999785423278809,3
Cine-Clip_train_148__78.png,3,0.9999781847000122,3
Cine-Clip_train_148__81.png,3,0.999977707862854,3
Cine-Clip_train_148__88.png,3,0.999977707862854,3
Cine-Clip_train_148__89.png,3,0.999977707862854,3
Cine-Clip_train_148__90.png,3,0.999977707862854,3
Cine-Clip_train_148__96.png,3,0.999977707862854,3
Cine-Clip_train_149__15.png,2,0.9999426603317261,2
Cine-Clip_train_149__18.png,2,0.9999442100524902,2
Cine-Clip_train_149__21.png,2,0.9999442100524902,2
Cine-Clip_train_149__34.png,2,0.9999468326568604,2
Cine-Clip_train_149__40.png,2,0.999943733215332,2
Cine-Clip_train_149__48.png,2,0.9999464750289917,2
Cine-Clip_train_149__49.png,2,0.9999444484710693,2
Cine-Clip_train_149__54.png,2,0.999945878982544,2
Cine-Clip_train_149__55.png,2,0.9999457597732544,2
Cine-Clip_train_14__30.png,3,0.9999786615371704,3
Cine-Clip_train_14__33.png,3,0.9999774694442749,3
Cine-Clip_train_14__41.png,3,0.9999774694442749,3
Cine-Clip_train_14__45.png,3,0.9999784231185913,3
Cine-Clip_train_14__47.png,3,0.9999779462814331,3
Cine-Clip_train_14__48.png,3,0.9999781847000122,3
Cine-Clip_train_14__55.png,3,0.9999767541885376,3
Cine-Clip_train_14__60.png,3,0.9999772310256958,3
Cine-Clip_train_14__62.png,3,0.9999767541885376,3
Cine-Clip_train_14__67.png,3,0.999975323677063,3
Cine-Clip_train_150__101.png,3,0.9999774694442749,3
Cine-Clip_train_150__103.png,3,0.9999767541885376,3
Cine-Clip_train_150__104.png,3,0.9999772310256958,3
Cine-Clip_train_150__106.png,3,0.9999762773513794,3
Cine-Clip_train_150__109.png,3,0.9999774694442749,3
Cine-Clip_train_150__111.png,3,0.9999784231185913,3
Cine-Clip_train_150__12.png,3,0.999976634979248,3
Cine-Clip_train_150__15.png,3,0.9999769926071167,3
Cine-Clip_train_150__24.png,3,0.9999781847000122,3
Cine-Clip_train_150__28.png,3,0.9999771118164062,3
Cine-Clip_train_150__30.png,3,0.999977707862854,3
Cine-Clip_train_150__33.png,3,0.9999785423278809,3
Cine-Clip_train_150__51.png,3,0.999976396560669,3
Cine-Clip_train_150__55.png,3,0.9999771118164062,3
Cine-Clip_train_150__59.png,3,0.999977707862854,3
Cine-Clip_train_150__6.png,3,0.9999754428863525,3
Cine-Clip_train_150__61.png,3,0.9999778270721436,3
Cine-Clip_train_150__75.png,3,0.9999762773513794,3
Cine-Clip_train_150__91.png,3,0.9999780654907227,3
Cine-Clip_train_151__102.png,2,0.9999459981918335,2
Cine-Clip_train_151__107.png,2,0.9999463558197021,2
Cine-Clip_train_151__108.png,2,0.9999455213546753,2
Cine-Clip_train_151__109.png,2,0.9999463558197021,2
Cine-Clip_train_151__11.png,2,0.9999425411224365,2
Cine-Clip_train_151__110.png,2,0.9999457597732544,2
Cine-Clip_train_151__113.png,2,0.9999409914016724,2
Cine-Clip_train_151__16.png,2,0.9999433755874634,2
Cine-Clip_train_151__17.png,2,0.9999419450759888,2
Cine-Clip_train_151__22.png,2,0.999941349029541,2
Cine-Clip_train_151__35.png,2,0.9999446868896484,2
Cine-Clip_train_151__38.png,2,0.9999473094940186,2
Cine-Clip_train_151__41.png,2,0.9999470710754395,2
Cine-Clip_train_151__43.png,2,0.9999451637268066,2
Cine-Clip_train_151__48.png,2,0.9999445676803589,2
Cine-Clip_train_151__57.png,2,0.999940037727356,2
Cine-Clip_train_151__63.png,2,0.9999363422393799,2
Cine-Clip_train_151__66.png,2,0.9999402761459351,2
Cine-Clip_train_151__75.png,2,0.9999425411224365,2
Cine-Clip_train_151__77.png,2,0.9999427795410156,2
Cine-Clip_train_151__84.png,2,0.9999419450759888,2
Cine-Clip_train_151__86.png,2,0.9999411106109619,2
Cine-Clip_train_151__88.png,2,0.9999411106109619,2
Cine-Clip_train_151__90.png,2,0.9999407529830933,2
Cine-Clip_train_152__105.png,3,0.9999734163284302,3
Cine-Clip_train_152__108.png,3,0.9999728202819824,3
Cine-Clip_train_152__115.png,3,0.9999747276306152,3
Cine-Clip_train_152__120.png,3,0.9999722242355347,3
Cine-Clip_train_152__122.png,3,0.9999725818634033,3
Cine-Clip_train_152__125.png,3,0.9999706745147705,3
Cine-Clip_train_152__99.png,3,0.9999722242355347,3
Cine-Clip_train_153__140.png,3,0.9999769926071167,3
Cine-Clip_train_153__141.png,3,0.9999767541885376,3
Cine-Clip_train_153__152.png,3,0.9999743700027466,3
Cine-Clip_train_153__160.png,3,0.9999735355377197,3
Cine-Clip_train_153__168.png,3,0.9999744892120361,3
Cine-Clip_train_153__171.png,3,0.9999754428863525,3
Cine-Clip_train_153__173.png,3,0.9999715089797974,3
Cine-Clip_train_153__175.png,3,0.9999701976776123,3
Cine-Clip_train_153__196.png,3,0.9999755620956421,3
Cine-Clip_train_153__200.png,3,0.9999758005142212,3
Cine-Clip_train_153__202.png,3,0.9999760389328003,3
Cine-Clip_train_154__17.png,2,0.9999357461929321,2
Cine-Clip_train_154__18.png,2,0.99993896484375,2
Cine-Clip_train_154__31.png,2,0.9999386072158813,2
Cine-Clip_train_154__35.png,2,0.9999369382858276,2
Cine-Clip_train_154__37.png,2,0.9999353885650635,2
Cine-Clip_train_154__45.png,2,0.999937891960144,2
Cine-Clip_train_154__51.png,2,0.9999369382858276,2
Cine-Clip_train_154__53.png,2,0.9999376535415649,2
Cine-Clip_train_154__59.png,2,0.9999393224716187,2
Cine-Clip_train_154__77.png,2,0.9999396800994873,2
Cine-Clip_train_154__82.png,2,0.99993896484375,2
Cine-Clip_train_154__85.png,2,0.9999369382858276,2
Cine-Clip_train_155__101.png,3,0.9999778270721436,3
Cine-Clip_train_155__106.png,3,0.9999774694442749,3
Cine-Clip_train_155__113.png,3,0.9999768733978271,3
Cine-Clip_train_155__115.png,3,0.999976396560669,3
Cine-Clip_train_155__22.png,3,0.9999784231185913,3
Cine-Clip_train_155__24.png,3,0.9999778270721436,3
Cine-Clip_train_155__25.png,3,0.9999774694442749,3
Cine-Clip_train_155__36.png,3,0.999977707862854,3
Cine-Clip_train_155__39.png,3,0.9999785423278809,3
Cine-Clip_train_155__43.png,3,0.9999796152114868,3
Cine-Clip_train_155__45.png,3,0.9999793767929077,3
Cine-Clip_train_155__53.png,3,0.9999786615371704,3
Cine-Clip_train_155__61.png,3,0.9999775886535645,3
Cine-Clip_train_155__70.png,3,0.9999772310256958,3
Cine-Clip_train_155__78.png,3,0.999977707862854,3
Cine-Clip_train_155__79.png,3,0.999977707862854,3
Cine-Clip_train_155__81.png,3,0.9999785423278809,3
Cine-Clip_train_155__95.png,3,0.9999788999557495,3
Cine-Clip_train_157__102.png,2,0.9999372959136963,2
Cine-Clip_train_157__114.png,2,0.9999371767044067,2
Cine-Clip_train_157__123.png,2,0.9999396800994873,2
Cine-Clip_train_157__13.png,2,0.9999457597732544,2
Cine-Clip_train_157__130.png,2,0.9999363422393799,2
Cine-Clip_train_157__14.png,2,0.9999467134475708,2
Cine-Clip_train_157__145.png,2,0.999936580657959,2
Cine-Clip_train_157__148.png,2,0.9999351501464844,2
Cine-Clip_train_157__151.png,2,0.9999352693557739,2
Cine-Clip_train_157__152.png,2,0.9999359846115112,2
Cine-Clip_train_157__157.png,2,0.9999376535415649,2
Cine-Clip_train_157__16.png,2,0.9999470710754395,2
Cine-Clip_train_157__17.png,2,0.9999470710754395,2
Cine-Clip_train_157__171.png,2,0.9999406337738037,2
Cine-Clip_train_157__172.png,2,0.9999405145645142,2
Cine-Clip_train_157__176.png,2,0.9999432563781738,2
Cine-Clip_train_157__181.png,2,0.9999427795410156,2
Cine-Clip_train_157__184.png,2,0.9999423027038574,2
Cine-Clip_train_157__190.png,2,0.9999431371688843,2
Cine-Clip_train_157__191.png,2,0.9999439716339111,2
Cine-Clip_train_157__192.png,2,0.9999434947967529,2
Cine-Clip_train_157__193.png,2,0.9999432563781738,2
Cine-Clip_train_157__194.png,2,0.9999436140060425,2
Cine-Clip_train_157__20.png,2,0.9999463558197021,2
Cine-Clip_train_157__203.png,2,0.9999433755874634,2
Cine-Clip_train_157__205.png,2,0.9999427795410156,2
Cine-Clip_train_157__211.png,2,0.9999418258666992,2
Cine-Clip_train_157__217.png,2,0.9999427795410156,2
Cine-Clip_train_157__223.png,2,0.9999417066574097,2
Cine-Clip_train_157__25.png,2,0.9999464750289917,2
Cine-Clip_train_157__36.png,2,0.9999470710754395,2
Cine-Clip_train_157__49.png,2,0.9999468326568604,2
Cine-Clip_train_157__5.png,2,0.9999456405639648,2
Cine-Clip_train_157__50.png,2,0.9999469518661499,2
Cine-Clip_train_157__8.png,2,0.999944806098938,2
Cine-Clip_train_157__82.png,2,0.9999423027038574,2
Cine-Clip_train_157__94.png,2,0.9999397993087769,2
Cine-Clip_train_157__96.png,2,0.9999402761459351,2
Cine-Clip_train_159__15.png,2,0.999934196472168,2
Cine-Clip_train_159__18.png,2,0.9999366998672485,2
Cine-Clip_train_159__21.png,2,0.9999356269836426,2
Cine-Clip_train_159__22.png,2,0.9999344348907471,2
Cine-Clip_train_159__6.png,2,0.9999284744262695,2
Cine-Clip_train_159__7.png,2,0.9999290704727173,2
Cine-Clip_train_15__103.png,4,0.9999920129776001,4
Cine-Clip_train_15__106.png,4,0.9999920129776001,4
Cine-Clip_train_15__114.png,4,0.9999918937683105,4
Cine-Clip_train_15__116.png,4,0.999991774559021,4
Cine-Clip_train_15__117.png,4,0.999991774559021,4
Cine-Clip_train_15__120.png,4,0.9999918937683105,4
Cine-Clip_train_15__122.png,4,0.999991774559021,4
Cine-Clip_train_15__128.png,4,0.9999921321868896,4
Cine-Clip_train_15__133.png,4,0.9999920129776001,4
Cine-Clip_train_15__136.png,4,0.9999920129776001,4
Cine-Clip_train_15__139.png,4,0.9999920129776001,4
Cine-Clip_train_15__146.png,4,0.9999920129776001,4
Cine-Clip_train_15__19.png,4,0.9999921321868896,4
Cine-Clip_train_15__24.png,4,0.9999920129776001,4
Cine-Clip_train_15__32.png,4,0.9999920129776001,4
Cine-Clip_train_15__35.png,4,0.9999920129776001,4
Cine-Clip_train_15__52.png,4,0.9999920129776001,4
Cine-Clip_train_15__54.png,4,0.9999920129776001,4
Cine-Clip_train_15__60.png,4,0.9999921321868896,4
Cine-Clip_train_15__66.png,4,0.9999920129776001,4
Cine-Clip_train_15__69.png,4,0.9999921321868896,4
Cine-Clip_train_15__72.png,4,0.9999918937683105,4
Cine-Clip_train_15__77.png,4,0.9999920129776001,4
Cine-Clip_train_15__83.png,4,0.9999920129776001,4
Cine-Clip_train_15__92.png,4,0.9999920129776001,4
Cine-Clip_train_15__96.png,4,0.9999920129776001,4
Cine-Clip_train_15__99.png,4,0.9999920129776001,4
Cine-Clip_train_160__104.png,2,0.9999343156814575,2
Cine-Clip_train_160__111.png,2,0.9999334812164307,2
Cine-Clip_train_160__113.png,2,0.9999359846115112,2
Cine-Clip_train_160__114.png,2,0.9999350309371948,2
Cine-Clip_train_160__115.png,2,0.9999357461929321,2
Cine-Clip_train_160__121.png,2,0.9999316930770874,2
Cine-Clip_train_160__127.png,2,0.9999328851699829,2
Cine-Clip_train_160__130.png,2,0.9999325275421143,2
Cine-Clip_train_160__139.png,2,0.99992835521698,2
Cine-Clip_train_160__143.png,2,0.9999278783798218,2
Cine-Clip_train_160__162.png,2,0.9999217987060547,2
Cine-Clip_train_160__170.png,2,0.9999186992645264,2
Cine-Clip_train_160__173.png,2,0.9999169111251831,2
Cine-Clip_train_160__175.png,2,0.9999136924743652,2
Cine-Clip_train_160__177.png,2,0.9999135732650757,2
Cine-Clip_train_160__37.png,2,0.999931812286377,2
Cine-Clip_train_160__38.png,2,0.9999334812164307,2
Cine-Clip_train_160__45.png,2,0.9999352693557739,2
Cine-Clip_train_160__56.png,2,0.9999297857284546,2
Cine-Clip_train_160__61.png,2,0.9999357461929321,2
Cine-Clip_train_160__64.png,2,0.9999368190765381,2
Cine-Clip_train_160__65.png,2,0.9999368190765381,2
Cine-Clip_train_160__70.png,2,0.9999332427978516,2
Cine-Clip_train_160__72.png,2,0.999930739402771,2
Cine-Clip_train_160__79.png,2,0.9999299049377441,2
Cine-Clip_train_160__87.png,2,0.999933123588562,2
Cine-Clip_train_160__93.png,2,0.9999339580535889,2
Cine-Clip_train_160__94.png,2,0.999934196472168,2
Cine-Clip_train_161__20.png,3,0.9999755620956421,3
Cine-Clip_train_161__22.png,3,0.999975323677063,3
Cine-Clip_train_161__31.png,3,0.9999738931655884,3
Cine-Clip_train_162__14.png,2,0.9999372959136963,2
Cine-Clip_train_162__15.png,2,0.9999380111694336,2
Cine-Clip_train_162__21.png,2,0.9999397993087769,2
Cine-Clip_train_162__22.png,2,0.9999390840530396,2
Cine-Clip_train_162__23.png,2,0.9999388456344604,2
Cine-Clip_train_162__24.png,2,0.9999394416809082,2
Cine-Clip_train_162__29.png,2,0.9999380111694336,2
Cine-Clip_train_162__34.png,2,0.9999415874481201,2
Cine-Clip_train_162__4.png,2,0.9999312162399292,2
Cine-Clip_train_162__40.png,2,0.9999399185180664,2
Cine-Clip_train_162__55.png,2,0.9999390840530396,2
Cine-Clip_train_162__56.png,2,0.9999371767044067,2
Cine-Clip_train_163__38.png,4,0.9999918937683105,4
Cine-Clip_train_163__40.png,4,0.9999920129776001,4
Cine-Clip_train_163__55.png,4,0.9999920129776001,4
Cine-Clip_train_163__57.png,4,0.9999920129776001,4
Cine-Clip_train_163__64.png,4,0.9999920129776001,4
Cine-Clip_train_163__68.png,4,0.9999920129776001,4
Cine-Clip_train_163__74.png,4,0.9999920129776001,4
Cine-Clip_train_163__79.png,4,0.9999920129776001,4
Cine-Clip_train_163__82.png,4,0.9999920129776001,4
Cine-Clip_train_163__88.png,4,0.999991774559021,4
Cine-Clip_train_163__99.png,4,0.9999920129776001,4
Cine-Clip_train_164__16.png,2,0.9999345541000366,2
Cine-Clip_train_164__17.png,2,0.999935507774353,2
Cine-Clip_train_164__22.png,2,0.9999382495880127,2
Cine-Clip_train_164__28.png,2,0.9999401569366455,2
Cine-Clip_train_164__31.png,2,0.9999371767044067,2
Cine-Clip_train_164__32.png,2,0.999936580657959,2
Cine-Clip_train_164__38.png,2,0.9999409914016724,2
Cine-Clip_train_164__43.png,2,0.9999376535415649,2
Cine-Clip_train_164__46.png,2,0.999935507774353,2
Cine-Clip_train_164__47.png,2,0.9999344348907471,2
Cine-Clip_train_164__55.png,2,0.9999297857284546,2
Cine-Clip_train_164__56.png,2,0.9999310970306396,2
Cine-Clip_train_164__59.png,2,0.9999358654022217,2
Cine-Clip_train_164__62.png,2,0.9999380111694336,2
Cine-Clip_train_164__71.png,2,0.9999377727508545,2
Cine-Clip_train_164__78.png,2,0.9999364614486694,2
Cine-Clip_train_164__87.png,2,0.9999380111694336,2
Cine-Clip_train_164__89.png,2,0.999937891960144,2
Cine-Clip_train_164__90.png,2,0.9999359846115112,2
Cine-Clip_train_165__10.png,4,0.9999918937683105,4
Cine-Clip_train_165__101.png,4,0.9999914169311523,4
Cine-Clip_train_165__102.png,4,0.9999914169311523,4
Cine-Clip_train_165__105.png,4,0.9999904632568359,4
Cine-Clip_train_165__12.png,4,0.9999912977218628,4
Cine-Clip_train_165__14.png,4,0.9999910593032837,4
Cine-Clip_train_165__17.png,4,0.999991774559021,4
Cine-Clip_train_165__20.png,4,0.999991774559021,4
Cine-Clip_train_165__22.png,4,0.9999915361404419,4
Cine-Clip_train_165__38.png,4,0.999991774559021,4
Cine-Clip_train_165__51.png,4,0.9999914169311523,4
Cine-Clip_train_165__70.png,4,0.9999912977218628,4
Cine-Clip_train_165__71.png,4,0.9999915361404419,4
Cine-Clip_train_165__73.png,4,0.999991774559021,4
Cine-Clip_train_165__77.png,4,0.9999915361404419,4
Cine-Clip_train_165__83.png,4,0.9999911785125732,4
Cine-Clip_train_165__84.png,4,0.9999912977218628,4
Cine-Clip_train_165__88.png,4,0.9999908208847046,4
Cine-Clip_train_165__89.png,4,0.999990701675415,4
Cine-Clip_train_165__9.png,4,0.9999918937683105,4
Cine-Clip_train_165__90.png,4,0.9999905824661255,4
Cine-Clip_train_166__17.png,3,0.9999760389328003,3
Cine-Clip_train_166__21.png,3,0.9999752044677734,3
Cine-Clip_train_166__27.png,3,0.9999758005142212,3
Cine-Clip_train_166__34.png,3,0.9999769926071167,3
Cine-Clip_train_166__36.png,3,0.9999778270721436,3
Cine-Clip_train_166__37.png,3,0.9999774694442749,3
Cine-Clip_train_166__46.png,3,0.9999692440032959,3
Cine-Clip_train_166__48.png,3,0.9999690055847168,3
Cine-Clip_train_166__51.png,3,0.9999754428863525,3
Cine-Clip_train_167__45.png,3,0.9999681711196899,3
Cine-Clip_train_167__51.png,3,0.9999707937240601,3
Cine-Clip_train_167__64.png,3,0.9999748468399048,3
Cine-Clip_train_167__65.png,3,0.9999749660491943,3
Cine-Clip_train_167__67.png,3,0.9999744892120361,3
Cine-Clip_train_167__71.png,3,0.9999727010726929,3
Cine-Clip_train_169__11.png,4,0.9999911785125732,4
Cine-Clip_train_169__18.png,4,0.9999916553497314,4
Cine-Clip_train_169__2.png,4,0.9999911785125732,4
Cine-Clip_train_169__21.png,4,0.9999916553497314,4
Cine-Clip_train_169__35.png,4,0.9999916553497314,4
Cine-Clip_train_169__37.png,4,0.9999916553497314,4
Cine-Clip_train_169__62.png,4,0.9999915361404419,4
Cine-Clip_train_169__64.png,4,0.9999916553497314,4
Cine-Clip_train_169__72.png,4,0.9999916553497314,4
Cine-Clip_train_169__9.png,4,0.9999911785125732,4
Cine-Clip_train_16__100.png,3,0.999976634979248,3
Cine-Clip_train_16__101.png,3,0.9999767541885376,3
Cine-Clip_train_16__104.png,3,0.9999771118164062,3
Cine-Clip_train_16__106.png,3,0.9999773502349854,3
Cine-Clip_train_16__115.png,3,0.9999772310256958,3
Cine-Clip_train_16__123.png,3,0.9999761581420898,3
Cine-Clip_train_16__124.png,3,0.9999768733978271,3
Cine-Clip_train_16__125.png,3,0.9999769926071167,3
Cine-Clip_train_16__126.png,3,0.999976634979248,3
Cine-Clip_train_16__129.png,3,0.9999715089797974,3
Cine-Clip_train_16__130.png,3,0.9999723434448242,3
Cine-Clip_train_16__133.png,3,0.9999697208404541,3
Cine-Clip_train_16__134.png,3,0.9999709129333496,3
Cine-Clip_train_16__141.png,3,0.999974250793457,3
Cine-Clip_train_16__143.png,3,0.9999744892120361,3
Cine-Clip_train_16__145.png,3,0.9999754428863525,3
Cine-Clip_train_16__146.png,3,0.9999754428863525,3
Cine-Clip_train_16__147.png,3,0.9999756813049316,3
Cine-Clip_train_16__148.png,3,0.9999748468399048,3
Cine-Clip_train_16__42.png,3,0.9999767541885376,3
Cine-Clip_train_16__46.png,3,0.9999758005142212,3
Cine-Clip_train_16__52.png,3,0.9999752044677734,3
Cine-Clip_train_16__57.png,3,0.999974250793457,3
Cine-Clip_train_16__58.png,3,0.9999738931655884,3
Cine-Clip_train_16__59.png,3,0.9999747276306152,3
Cine-Clip_train_16__65.png,3,0.9999752044677734,3
Cine-Clip_train_16__71.png,3,0.9999761581420898,3
Cine-Clip_train_16__74.png,3,0.9999762773513794,3
Cine-Clip_train_16__75.png,3,0.9999758005142212,3
Cine-Clip_train_16__82.png,3,0.9999769926071167,3
Cine-Clip_train_16__91.png,3,0.9999761581420898,3
Cine-Clip_train_16__97.png,3,0.9999761581420898,3
Cine-Clip_train_170__13.png,2,0.9999212026596069,2
Cine-Clip_train_170__14.png,2,0.9999212026596069,2
Cine-Clip_train_170__17.png,2,0.9999241828918457,2
Cine-Clip_train_170__23.png,2,0.9999313354492188,2
Cine-Clip_train_170__24.png,2,0.9999316930770874,2
Cine-Clip_train_170__9.png,2,0.9998260140419006,2
Cine-Clip_train_171__27.png,3,0.9999772310256958,3
Cine-Clip_train_171__30.png,3,0.9999769926071167,3
Cine-Clip_train_171__33.png,3,0.9999754428863525,3
Cine-Clip_train_171__35.png,3,0.9999752044677734,3
Cine-Clip_train_171__42.png,3,0.9999773502349854,3
Cine-Clip_train_171__50.png,3,0.9999775886535645,3
Cine-Clip_train_171__52.png,3,0.9999754428863525,3
Cine-Clip_train_171__57.png,3,0.9999756813049316,3
Cine-Clip_train_171__58.png,3,0.9999749660491943,3
Cine-Clip_train_171__60.png,3,0.9999750852584839,3
Cine-Clip_train_171__64.png,3,0.9999760389328003,3
Cine-Clip_train_171__71.png,3,0.999976396560669,3
Cine-Clip_train_171__82.png,3,0.9999748468399048,3
Cine-Clip_train_171__83.png,3,0.9999746084213257,3
Cine-Clip_train_171__90.png,3,0.9999749660491943,3
Cine-Clip_train_171__92.png,3,0.9999736547470093,3
Cine-Clip_train_171__99.png,3,0.9999691247940063,3
Cine-Clip_train_172__100.png,3,0.9999740123748779,3
Cine-Clip_train_172__101.png,3,0.9999746084213257,3
Cine-Clip_train_172__111.png,3,0.9999761581420898,3
Cine-Clip_train_172__114.png,3,0.9999762773513794,3
Cine-Clip_train_172__125.png,3,0.9999752044677734,3
Cine-Clip_train_172__127.png,3,0.9999752044677734,3
Cine-Clip_train_172__129.png,3,0.9999756813049316,3
Cine-Clip_train_172__138.png,3,0.9999734163284302,3
Cine-Clip_train_172__143.png,3,0.9999722242355347,3
Cine-Clip_train_172__144.png,3,0.9999724626541138,3
Cine-Clip_train_172__147.png,3,0.9999724626541138,3
Cine-Clip_train_172__152.png,3,0.9999727010726929,3
Cine-Clip_train_172__153.png,3,0.9999725818634033,3
Cine-Clip_train_172__157.png,3,0.9999723434448242,3
Cine-Clip_train_172__158.png,3,0.9999724626541138,3
Cine-Clip_train_172__160.png,3,0.9999719858169556,3
Cine-Clip_train_172__161.png,3,0.9999712705612183,3
Cine-Clip_train_172__162.png,3,0.9999711513519287,3
Cine-Clip_train_172__163.png,3,0.9999712705612183,3
Cine-Clip_train_172__166.png,3,0.9999730587005615,3
Cine-Clip_train_172__169.png,3,0.9999736547470093,3
Cine-Clip_train_172__171.png,3,0.9999735355377197,3
Cine-Clip_train_172__172.png,3,0.9999731779098511,3
Cine-Clip_train_172__58.png,3,0.999974250793457,3
Cine-Clip_train_172__70.png,3,0.9999712705612183,3
Cine-Clip_train_172__71.png,3,0.9999736547470093,3
Cine-Clip_train_172__77.png,3,0.9999754428863525,3
Cine-Clip_train_172__82.png,3,0.9999759197235107,3
Cine-Clip_train_172__90.png,3,0.999976634979248,3
Cine-Clip_train_172__98.png,3,0.9999741315841675,3
Cine-Clip_train_173__16.png,2,0.9999407529830933,2
Cine-Clip_train_173__17.png,2,0.9999426603317261,2
Cine-Clip_train_173__20.png,2,0.9999390840530396,2
Cine-Clip_train_173__24.png,2,0.9999388456344604,2
Cine-Clip_train_173__36.png,2,0.9999432563781738,2
Cine-Clip_train_174__36.png,3,0.999977707862854,3
Cine-Clip_train_174__48.png,3,0.9999765157699585,3
Cine-Clip_train_174__49.png,3,0.9999765157699585,3
Cine-Clip_train_174__55.png,3,0.9999758005142212,3
Cine-Clip_train_174__61.png,3,0.9999767541885376,3
Cine-Clip_train_174__69.png,3,0.9999762773513794,3
Cine-Clip_train_174__72.png,3,0.9999760389328003,3
Cine-Clip_train_175__18.png,3,0.9999725818634033,3
Cine-Clip_train_175__20.png,3,0.9999732971191406,3
Cine-Clip_train_175__21.png,3,0.9999735355377197,3
Cine-Clip_train_175__35.png,3,0.9999780654907227,3
Cine-Clip_train_175__38.png,3,0.9999779462814331,3
Cine-Clip_train_175__4.png,3,0.9999746084213257,3
Cine-Clip_train_175__44.png,3,0.9999786615371704,3
Cine-Clip_train_175__50.png,3,0.9999783039093018,3
Cine-Clip_train_175__52.png,3,0.9999780654907227,3
Cine-Clip_train_175__55.png,3,0.9999785423278809,3
Cine-Clip_train_175__60.png,3,0.9999781847000122,3
Cine-Clip_train_175__68.png,3,0.999977707862854,3
Cine-Clip_train_175__70.png,3,0.9999780654907227,3
Cine-Clip_train_175__8.png,3,0.999974250793457,3
Cine-Clip_train_176__102.png,2,0.9999403953552246,2
Cine-Clip_train_176__103.png,2,0.9999408721923828,2
Cine-Clip_train_176__114.png,2,0.9999383687973022,2
Cine-Clip_train_176__115.png,2,0.9999370574951172,2
Cine-Clip_train_176__133.png,2,0.9999420642852783,2
Cine-Clip_train_176__135.png,2,0.9999423027038574,2
Cine-Clip_train_176__136.png,2,0.999941349029541,2
Cine-Clip_train_176__144.png,2,0.9999431371688843,2
Cine-Clip_train_176__154.png,2,0.9999315738677979,2
Cine-Clip_train_176__29.png,2,0.9999383687973022,2
Cine-Clip_train_176__52.png,2,0.9999402761459351,2
Cine-Clip_train_176__63.png,2,0.9999375343322754,2
Cine-Clip_train_176__68.png,2,0.9999405145645142,2
Cine-Clip_train_176__69.png,2,0.9999417066574097,2
Cine-Clip_train_176__71.png,2,0.9999428987503052,2
Cine-Clip_train_176__72.png,2,0.9999433755874634,2
Cine-Clip_train_176__74.png,2,0.9999415874481201,2
Cine-Clip_train_176__76.png,2,0.9999411106109619,2
Cine-Clip_train_176__80.png,2,0.9999386072158813,2
Cine-Clip_train_176__86.png,2,0.9999350309371948,2
Cine-Clip_train_176__89.png,2,0.9999336004257202,2
Cine-Clip_train_176__91.png,2,0.999936580657959,2
Cine-Clip_train_176__92.png,2,0.999937891960144,2
Cine-Clip_train_176__93.png,2,0.9999388456344604,2
Cine-Clip_train_177__24.png,2,0.999927282333374,2
Cine-Clip_train_177__29.png,2,0.9999313354492188,2
Cine-Clip_train_177__3.png,2,0.9999305009841919,2
Cine-Clip_train_177__38.png,2,0.9999328851699829,2
Cine-Clip_train_177__45.png,2,0.9999334812164307,2
Cine-Clip_train_177__46.png,2,0.9999343156814575,2
Cine-Clip_train_177__51.png,2,0.9999362230300903,2
Cine-Clip_train_177__54.png,2,0.9999357461929321,2
Cine-Clip_train_177__55.png,2,0.9999356269836426,2
Cine-Clip_train_177__6.png,2,0.9999303817749023,2
Cine-Clip_train_177__61.png,2,0.9999345541000366,2
Cine-Clip_train_177__63.png,2,0.9999345541000366,2
Cine-Clip_train_177__67.png,2,0.9999344348907471,2
Cine-Clip_train_177__68.png,2,0.9999352693557739,2
Cine-Clip_train_177__73.png,2,0.9999336004257202,2
Cine-Clip_train_177__74.png,2,0.9999338388442993,2
Cine-Clip_train_177__76.png,2,0.9999326467514038,2
Cine-Clip_train_177__80.png,2,0.9999302625656128,2
Cine-Clip_train_177__85.png,2,0.999929666519165,2
Cine-Clip_train_177__88.png,2,0.9999294281005859,2
Cine-Clip_train_177__9.png,2,0.9999191761016846,2
Cine-Clip_train_178__17.png,3,0.999976396560669,3
Cine-Clip_train_178__19.png,3,0.9999769926071167,3
Cine-Clip_train_178__30.png,3,0.9999749660491943,3
Cine-Clip_train_178__36.png,3,0.999976634979248,3
Cine-Clip_train_178__41.png,3,0.9999743700027466,3
Cine-Clip_train_179__12.png,2,0.9999425411224365,2
Cine-Clip_train_179__17.png,2,0.9999446868896484,2
Cine-Clip_train_179__18.png,2,0.9999449253082275,2
Cine-Clip_train_179__21.png,2,0.999944806098938,2
Cine-Clip_train_179__29.png,2,0.9999409914016724,2
Cine-Clip_train_179__33.png,2,0.9999427795410156,2
Cine-Clip_train_179__39.png,2,0.999941349029541,2
Cine-Clip_train_179__51.png,2,0.9999352693557739,2
Cine-Clip_train_179__53.png,2,0.9999371767044067,2
Cine-Clip_train_179__54.png,2,0.9999375343322754,2
Cine-Clip_train_179__63.png,2,0.9999408721923828,2
Cine-Clip_train_179__68.png,2,0.9999353885650635,2
Cine-Clip_train_179__69.png,2,0.9999353885650635,2
Cine-Clip_train_179__73.png,2,0.9999405145645142,2
Cine-Clip_train_179__78.png,2,0.9999430179595947,2
Cine-Clip_train_179__82.png,2,0.9999433755874634,2
Cine-Clip_train_17__10.png,2,0.9999399185180664,2
Cine-Clip_train_17__16.png,2,0.9999405145645142,2
Cine-Clip_train_17__19.png,2,0.9999411106109619,2
Cine-Clip_train_17__2.png,2,0.9999358654022217,2
Cine-Clip_train_17__28.png,2,0.9999440908432007,2
Cine-Clip_train_17__32.png,2,0.9999419450759888,2
Cine-Clip_train_17__38.png,2,0.9999434947967529,2
Cine-Clip_train_17__4.png,2,0.9999338388442993,2
Cine-Clip_train_17__8.png,2,0.9999407529830933,2
Cine-Clip_train_180__1.png,2,0.9999394416809082,2
Cine-Clip_train_180__10.png,2,0.9999405145645142,2
Cine-Clip_train_180__104.png,2,0.9999345541000366,2
Cine-Clip_train_180__107.png,2,0.9999277591705322,2
Cine-Clip_train_180__108.png,2,0.999920129776001,2
Cine-Clip_train_180__115.png,2,0.9999319314956665,2
Cine-Clip_train_180__119.png,2,0.9999324083328247,2
Cine-Clip_train_180__12.png,2,0.9999388456344604,2
Cine-Clip_train_180__140.png,2,0.9999270439147949,2
Cine-Clip_train_180__142.png,2,0.9999362230300903,2
Cine-Clip_train_180__144.png,2,0.9999369382858276,2
Cine-Clip_train_180__145.png,2,0.9999390840530396,2
Cine-Clip_train_180__16.png,2,0.9999428987503052,2
Cine-Clip_train_180__17.png,2,0.9999402761459351,2
Cine-Clip_train_180__18.png,2,0.9999382495880127,2
Cine-Clip_train_180__19.png,2,0.9999345541000366,2
Cine-Clip_train_180__27.png,2,0.9999370574951172,2
Cine-Clip_train_180__30.png,2,0.9999384880065918,2
Cine-Clip_train_180__33.png,2,0.9999358654022217,2
Cine-Clip_train_180__37.png,2,0.9999306201934814,2
Cine-Clip_train_180__38.png,2,0.999930739402771,2
Cine-Clip_train_180__47.png,2,0.9999402761459351,2
Cine-Clip_train_180__52.png,2,0.9999334812164307,2
Cine-Clip_train_180__61.png,2,0.9999426603317261,2
Cine-Clip_train_180__62.png,2,0.9999411106109619,2
Cine-Clip_train_180__72.png,2,0.9999361038208008,2
Cine-Clip_train_180__79.png,2,0.9999232292175293,2
Cine-Clip_train_180__87.png,2,0.9999203681945801,2
Cine-Clip_train_180__9.png,2,0.9999405145645142,2
Cine-Clip_train_180__93.png,2,0.9999220371246338,2
Cine-Clip_train_180__94.png,2,0.9999246597290039,2
Cine-Clip_train_180__99.png,2,0.9999361038208008,2
Cine-Clip_train_181__105.png,3,0.99997878074646,3
Cine-Clip_train_181__118.png,3,0.9999781847000122,3
Cine-Clip_train_181__119.png,3,0.9999779462814331,3
Cine-Clip_train_181__120.png,3,0.9999778270721436,3
Cine-Clip_train_181__13.png,3,0.9999785423278809,3
Cine-Clip_train_181__14.png,3,0.9999791383743286,3
Cine-Clip_train_181__20.png,3,0.9999797344207764,3
Cine-Clip_train_181__26.png,3,0.9999797344207764,3
Cine-Clip_train_181__31.png,3,0.9999796152114868,3
Cine-Clip_train_181__35.png,3,0.9999799728393555,3
Cine-Clip_train_181__36.png,3,0.999980092048645,3
Cine-Clip_train_181__45.png,3,0.9999793767929077,3
Cine-Clip_train_181__56.png,3,0.9999790191650391,3
Cine-Clip_train_181__57.png,3,0.9999790191650391,3
Cine-Clip_train_181__59.png,3,0.9999786615371704,3
Cine-Clip_train_181__69.png,3,0.9999796152114868,3
Cine-Clip_train_181__74.png,3,0.9999797344207764,3
Cine-Clip_train_181__75.png,3,0.9999797344207764,3
Cine-Clip_train_181__84.png,3,0.9999794960021973,3
Cine-Clip_train_181__90.png,3,0.9999794960021973,3
Cine-Clip_train_181__91.png,3,0.9999792575836182,3
Cine-Clip_train_181__92.png,3,0.9999794960021973,3
Cine-Clip_train_181__95.png,3,0.9999793767929077,3
Cine-Clip_train_181__97.png,3,0.9999794960021973,3
Cine-Clip_train_182__12.png,3,0.9999759197235107,3
Cine-Clip_train_182__15.png,3,0.9999775886535645,3
Cine-Clip_train_182__16.png,3,0.9999779462814331,3
Cine-Clip_train_182__19.png,3,0.9999772310256958,3
Cine-Clip_train_182__28.png,3,0.9999775886535645,3
Cine-Clip_train_182__31.png,3,0.9999779462814331,3
Cine-Clip_train_182__35.png,3,0.9999783039093018,3
Cine-Clip_train_182__36.png,3,0.9999780654907227,3
Cine-Clip_train_182__45.png,3,0.9999783039093018,3
Cine-Clip_train_182__49.png,3,0.9999743700027466,3
Cine-Clip_train_182__52.png,3,0.9999750852584839,3
Cine-Clip_train_182__55.png,3,0.9999755620956421,3
Cine-Clip_train_182__59.png,3,0.9999735355377197,3
Cine-Clip_train_182__60.png,3,0.9999649524688721,3
Cine-Clip_train_183__105.png,3,0.9999796152114868,3
Cine-Clip_train_183__119.png,3,0.9999799728393555,3
Cine-Clip_train_183__120.png,3,0.9999798536300659,3
Cine-Clip_train_183__121.png,3,0.9999796152114868,3
Cine-Clip_train_183__123.png,3,0.9999794960021973,3
Cine-Clip_train_183__126.png,3,0.9999796152114868,3
Cine-Clip_train_183__127.png,3,0.9999797344207764,3
Cine-Clip_train_183__130.png,3,0.9999798536300659,3
Cine-Clip_train_183__144.png,3,0.9999794960021973,3
Cine-Clip_train_183__152.png,3,0.9999791383743286,3
Cine-Clip_train_183__16.png,3,0.9999790191650391,3
Cine-Clip_train_183__162.png,3,0.9999793767929077,3
Cine-Clip_train_183__163.png,3,0.9999793767929077,3
Cine-Clip_train_183__166.png,3,0.9999793767929077,3
Cine-Clip_train_183__170.png,3,0.9999792575836182,3
Cine-Clip_train_183__176.png,3,0.9999792575836182,3
Cine-Clip_train_183__177.png,3,0.9999793767929077,3
Cine-Clip_train_183__178.png,3,0.9999793767929077,3
Cine-Clip_train_183__185.png,3,0.9999798536300659,3
Cine-Clip_train_183__19.png,3,0.99997878074646,3
Cine-Clip_train_183__190.png,3,0.9999798536300659,3
Cine-Clip_train_183__202.png,3,0.9999799728393555,3
Cine-Clip_train_183__209.png,3,0.9999799728393555,3
Cine-Clip_train_183__214.png,3,0.9999797344207764,3
Cine-Clip_train_183__215.png,3,0.9999796152114868,3
Cine-Clip_train_183__216.png,3,0.99997878074646,3
Cine-Clip_train_183__220.png,3,0.9999798536300659,3
Cine-Clip_train_183__221.png,3,0.9999794960021973,3
Cine-Clip_train_183__25.png,3,0.9999790191650391,3
Cine-Clip_train_183__26.png,3,0.9999786615371704,3
Cine-Clip_train_183__33.png,3,0.99997878074646,3
Cine-Clip_train_183__34.png,3,0.9999788999557495,3
Cine-Clip_train_183__37.png,3,0.9999786615371704,3
Cine-Clip_train_183__42.png,3,0.9999785423278809,3
Cine-Clip_train_183__45.png,3,0.9999784231185913,3
Cine-Clip_train_183__48.png,3,0.9999788999557495,3
Cine-Clip_train_183__49.png,3,0.9999788999557495,3
Cine-Clip_train_183__52.png,3,0.9999790191650391,3
Cine-Clip_train_183__56.png,3,0.9999793767929077,3
Cine-Clip_train_183__66.png,3,0.9999793767929077,3
Cine-Clip_train_183__67.png,3,0.9999792575836182,3
Cine-Clip_train_183__70.png,3,0.9999792575836182,3
Cine-Clip_train_183__80.png,3,0.9999796152114868,3
Cine-Clip_train_183__86.png,3,0.9999790191650391,3
Cine-Clip_train_183__97.png,3,0.9999794960021973,3
Cine-Clip_train_183__99.png,3,0.9999796152114868,3
Cine-Clip_train_184__101.png,3,0.9999774694442749,3
Cine-Clip_train_184__105.png,3,0.9999769926071167,3
Cine-Clip_train_184__108.png,3,0.9999773502349854,3
Cine-Clip_train_184__114.png,3,0.9999767541885376,3
Cine-Clip_train_184__117.png,3,0.999977707862854,3
Cine-Clip_train_184__128.png,3,0.9999785423278809,3
Cine-Clip_train_184__13.png,3,0.9999734163284302,3
Cine-Clip_train_184__145.png,3,0.9999781847000122,3
Cine-Clip_train_184__150.png,3,0.9999781847000122,3
Cine-Clip_train_184__151.png,3,0.9999781847000122,3
Cine-Clip_train_184__158.png,3,0.9999785423278809,3
Cine-Clip_train_184__167.png,3,0.9999784231185913,3
Cine-Clip_train_184__169.png,3,0.9999783039093018,3
Cine-Clip_train_184__175.png,3,0.9999784231185913,3
Cine-Clip_train_184__176.png,3,0.9999785423278809,3
Cine-Clip_train_184__179.png,3,0.9999784231185913,3
Cine-Clip_train_184__18.png,3,0.9999749660491943,3
Cine-Clip_train_184__180.png,3,0.9999786615371704,3
Cine-Clip_train_184__181.png,3,0.99997878074646,3
Cine-Clip_train_184__196.png,3,0.99997878074646,3
Cine-Clip_train_184__199.png,3,0.9999788999557495,3
Cine-Clip_train_184__220.png,3,0.9999793767929077,3
Cine-Clip_train_184__222.png,3,0.9999793767929077,3
Cine-Clip_train_184__225.png,3,0.9999791383743286,3
Cine-Clip_train_184__229.png,3,0.9999793767929077,3
Cine-Clip_train_184__23.png,3,0.9999756813049316,3
Cine-Clip_train_184__233.png,3,0.9999797344207764,3
Cine-Clip_train_184__237.png,3,0.9999794960021973,3
Cine-Clip_train_184__238.png,3,0.9999790191650391,3
Cine-Clip_train_184__240.png,3,0.9999785423278809,3
Cine-Clip_train_184__241.png,3,0.9999786615371704,3
Cine-Clip_train_184__25.png,3,0.9999759197235107,3
Cine-Clip_train_184__254.png,3,0.9999786615371704,3
Cine-Clip_train_184__255.png,3,0.99997878074646,3
Cine-Clip_train_184__261.png,3,0.9999793767929077,3
Cine-Clip_train_184__262.png,3,0.9999796152114868,3
Cine-Clip_train_184__265.png,3,0.9999792575836182,3
Cine-Clip_train_184__266.png,3,0.9999792575836182,3
Cine-Clip_train_184__268.png,3,0.9999792575836182,3
Cine-Clip_train_184__272.png,3,0.99997878074646,3
Cine-Clip_train_184__274.png,3,0.9999785423278809,3
Cine-Clip_train_184__279.png,3,0.9999781847000122,3
Cine-Clip_train_184__284.png,3,0.9999771118164062,3
Cine-Clip_train_184__295.png,3,0.9999783039093018,3
Cine-Clip_train_184__30.png,3,0.9999771118164062,3
Cine-Clip_train_184__301.png,3,0.99997878074646,3
Cine-Clip_train_184__35.png,3,0.9999772310256958,3
Cine-Clip_train_184__41.png,3,0.9999778270721436,3
Cine-Clip_train_184__49.png,3,0.9999774694442749,3
Cine-Clip_train_184__63.png,3,0.9999785423278809,3
Cine-Clip_train_184__64.png,3,0.9999791383743286,3
Cine-Clip_train_184__65.png,3,0.9999792575836182,3
Cine-Clip_train_184__66.png,3,0.9999793767929077,3
Cine-Clip_train_184__73.png,3,0.9999779462814331,3
Cine-Clip_train_184__84.png,3,0.9999791383743286,3
Cine-Clip_train_184__87.png,3,0.9999792575836182,3
Cine-Clip_train_184__88.png,3,0.9999790191650391,3
Cine-Clip_train_184__90.png,3,0.9999785423278809,3
Cine-Clip_train_184__93.png,3,0.9999786615371704,3
Cine-Clip_train_184__94.png,3,0.99997878074646,3
Cine-Clip_train_184__96.png,3,0.9999786615371704,3
Cine-Clip_train_184__98.png,3,0.9999779462814331,3
Cine-Clip_train_185__107.png,3,0.9999767541885376,3
Cine-Clip_train_185__28.png,3,0.9999760389328003,3
Cine-Clip_train_185__30.png,3,0.9999759197235107,3
Cine-Clip_train_185__35.png,3,0.9999774694442749,3
Cine-Clip_train_185__36.png,3,0.999977707862854,3
Cine-Clip_train_185__39.png,3,0.9999772310256958,3
Cine-Clip_train_185__40.png,3,0.9999769926071167,3
Cine-Clip_train_185__51.png,3,0.9999744892120361,3
Cine-Clip_train_185__54.png,3,0.9999738931655884,3
Cine-Clip_train_185__55.png,3,0.9999741315841675,3
Cine-Clip_train_185__68.png,3,0.9999768733978271,3
Cine-Clip_train_185__72.png,3,0.999976396560669,3
Cine-Clip_train_185__73.png,3,0.999976634979248,3
Cine-Clip_train_185__81.png,3,0.999976634979248,3
Cine-Clip_train_185__83.png,3,0.9999769926071167,3
Cine-Clip_train_185__84.png,3,0.999976634979248,3
Cine-Clip_train_185__85.png,3,0.999976634979248,3
Cine-Clip_train_185__90.png,3,0.9999774694442749,3
Cine-Clip_train_186__100.png,2,0.9999431371688843,2
Cine-Clip_train_186__106.png,2,0.9999415874481201,2
Cine-Clip_train_186__107.png,2,0.9999409914016724,2
Cine-Clip_train_186__108.png,2,0.9999407529830933,2
Cine-Clip_train_186__110.png,2,0.9999399185180664,2
Cine-Clip_train_186__118.png,2,0.9999351501464844,2
Cine-Clip_train_186__123.png,2,0.9999392032623291,2
Cine-Clip_train_186__126.png,2,0.9999324083328247,2
Cine-Clip_train_186__13.png,2,0.999937891960144,2
Cine-Clip_train_186__15.png,2,0.9999417066574097,2
Cine-Clip_train_186__176.png,2,0.9999357461929321,2
Cine-Clip_train_186__186.png,2,0.9999397993087769,2
Cine-Clip_train_186__30.png,2,0.9999431371688843,2
Cine-Clip_train_186__39.png,2,0.9999420642852783,2
Cine-Clip_train_186__53.png,2,0.9999440908432007,2
Cine-Clip_train_186__59.png,2,0.9999436140060425,2
Cine-Clip_train_186__62.png,2,0.9999428987503052,2
Cine-Clip_train_186__65.png,2,0.9999408721923828,2
Cine-Clip_train_186__69.png,2,0.9999394416809082,2
Cine-Clip_train_186__70.png,2,0.9999390840530396,2
Cine-Clip_train_186__80.png,2,0.9999406337738037,2
Cine-Clip_train_186__83.png,2,0.9999418258666992,2
Cine-Clip_train_186__94.png,2,0.9999418258666992,2
Cine-Clip_train_188__15.png,4,0.9999908208847046,4
Cine-Clip_train_188__17.png,4,0.9999903440475464,4
Cine-Clip_train_188__34.png,4,0.9999916553497314,4
Cine-Clip_train_188__37.png,4,0.9999915361404419,4
Cine-Clip_train_188__4.png,4,0.9999909400939941,4
Cine-Clip_train_188__41.png,4,0.9999912977218628,4
Cine-Clip_train_188__48.png,4,0.9999915361404419,4
Cine-Clip_train_188__50.png,4,0.9999916553497314,4
Cine-Clip_train_188__53.png,4,0.9999915361404419,4
Cine-Clip_train_188__6.png,4,0.9999905824661255,4
Cine-Clip_train_188__72.png,4,0.9999916553497314,4
Cine-Clip_train_188__8.png,4,0.9999905824661255,4
Cine-Clip_train_188__85.png,4,0.9999916553497314,4
Cine-Clip_train_188__9.png,4,0.9999908208847046,4
Cine-Clip_train_188__94.png,4,0.9999916553497314,4
Cine-Clip_train_189__11.png,2,0.9999288320541382,2
Cine-Clip_train_189__19.png,2,0.9999479055404663,2
Cine-Clip_train_189__20.png,2,0.9999475479125977,2
Cine-Clip_train_189__30.png,2,0.999946117401123,2
Cine-Clip_train_189__33.png,2,0.9999469518661499,2
Cine-Clip_train_189__37.png,2,0.9999468326568604,2
Cine-Clip_train_189__39.png,2,0.9999455213546753,2
Cine-Clip_train_189__40.png,2,0.9999455213546753,2
Cine-Clip_train_189__46.png,2,0.9999439716339111,2
Cine-Clip_train_189__50.png,2,0.9999436140060425,2
Cine-Clip_train_189__57.png,2,0.9999475479125977,2
Cine-Clip_train_18__106.png,3,0.9999773502349854,3
Cine-Clip_train_18__112.png,3,0.9999771118164062,3
Cine-Clip_train_18__116.png,3,0.9999769926071167,3
Cine-Clip_train_18__117.png,3,0.9999769926071167,3
Cine-Clip_train_18__60.png,3,0.9999760389328003,3
Cine-Clip_train_18__61.png,3,0.9999760389328003,3
Cine-Clip_train_18__63.png,3,0.9999755620956421,3
Cine-Clip_train_18__67.png,3,0.9999761581420898,3
Cine-Clip_train_18__69.png,3,0.999976396560669,3
Cine-Clip_train_18__72.png,3,0.9999769926071167,3
Cine-Clip_train_18__80.png,3,0.9999761581420898,3
Cine-Clip_train_18__93.png,3,0.9999784231185913,3
Cine-Clip_train_190__100.png,3,0.9999744892120361,3
Cine-Clip_train_190__102.png,3,0.9999738931655884,3
Cine-Clip_train_190__103.png,3,0.9999734163284302,3
Cine-Clip_train_190__105.png,3,0.9999737739562988,3
Cine-Clip_train_190__113.png,3,0.9999749660491943,3
Cine-Clip_train_190__117.png,3,0.9999758005142212,3
Cine-Clip_train_190__119.png,3,0.9999754428863525,3
Cine-Clip_train_190__133.png,3,0.999975323677063,3
Cine-Clip_train_190__138.png,3,0.9999754428863525,3
Cine-Clip_train_190__149.png,3,0.9999762773513794,3
Cine-Clip_train_190__157.png,3,0.9999759197235107,3
Cine-Clip_train_190__166.png,3,0.999975323677063,3
Cine-Clip_train_190__167.png,3,0.9999754428863525,3
Cine-Clip_train_190__169.png,3,0.9999749660491943,3
Cine-Clip_train_190__176.png,3,0.9999760389328003,3
Cine-Clip_train_190__24.png,3,0.9999772310256958,3
Cine-Clip_train_190__30.png,3,0.9999780654907227,3
Cine-Clip_train_190__32.png,3,0.9999781847000122,3
Cine-Clip_train_190__36.png,3,0.9999784231185913,3
Cine-Clip_train_190__42.png,3,0.9999767541885376,3
Cine-Clip_train_190__56.png,3,0.9999775886535645,3
Cine-Clip_train_190__57.png,3,0.999977707862854,3
Cine-Clip_train_190__61.png,3,0.9999768733978271,3
Cine-Clip_train_190__63.png,3,0.9999771118164062,3
Cine-Clip_train_190__68.png,3,0.9999780654907227,3
Cine-Clip_train_190__69.png,3,0.9999779462814331,3
Cine-Clip_train_190__70.png,3,0.9999778270721436,3
Cine-Clip_train_190__74.png,3,0.9999769926071167,3
Cine-Clip_train_190__76.png,3,0.999976634979248,3
Cine-Clip_train_190__79.png,3,0.9999768733978271,3
Cine-Clip_train_190__81.png,3,0.9999772310256958,3
Cine-Clip_train_190__84.png,3,0.9999774694442749,3
Cine-Clip_train_190__93.png,3,0.9999760389328003,3
Cine-Clip_train_191__15.png,3,0.999976396560669,3
Cine-Clip_train_191__25.png,3,0.9999772310256958,3
Cine-Clip_train_191__32.png,3,0.9999780654907227,3
Cine-Clip_train_191__8.png,3,0.9999774694442749,3
Cine-Clip_train_191__9.png,3,0.9999779462814331,3
Cine-Clip_train_192__10.png,1,0.9999840259552002,1
Cine-Clip_train_192__103.png,1,0.9999852180480957,1
Cine-Clip_train_192__104.png,1,0.9999858140945435,1
Cine-Clip_train_192__14.png,1,0.9999825954437256,1
Cine-Clip_train_192__26.png,1,0.9999856948852539,1
Cine-Clip_train_192__28.png,1,0.9999861717224121,1
Cine-Clip_train_192__30.png,1,0.9999860525131226,1
Cine-Clip_train_192__35.png,1,0.9999865293502808,1
Cine-Clip_train_192__44.png,1,0.9999866485595703,1
Cine-Clip_train_192__45.png,1,0.9999865293502808,1
Cine-Clip_train_192__46.png,1,0.9999861717224121,1
Cine-Clip_train_192__5.png,1,0.9999853372573853,1
Cine-Clip_train_192__52.png,1,0.9999867677688599,1
Cine-Clip_train_192__54.png,1,0.9999868869781494,1
Cine-Clip_train_192__6.png,1,0.9999866485595703,1
Cine-Clip_train_192__67.png,1,0.9999867677688599,1
Cine-Clip_train_192__77.png,1,0.9999871253967285,1
Cine-Clip_train_192__86.png,1,0.9999858140945435,1
Cine-Clip_train_192__88.png,1,0.9999854564666748,1
Cine-Clip_train_192__94.png,1,0.9999861717224121,1
Cine-Clip_train_192__95.png,1,0.9999856948852539,1
Cine-Clip_train_192__96.png,1,0.9999853372573853,1
Cine-Clip_train_193__18.png,4,0.9999920129776001,4
Cine-Clip_train_193__27.png,4,0.9999918937683105,4
Cine-Clip_train_193__29.png,4,0.9999920129776001,4
Cine-Clip_train_193__36.png,4,0.999991774559021,4
Cine-Clip_train_193__43.png,4,0.999991774559021,4
Cine-Clip_train_193__47.png,4,0.999991774559021,4
Cine-Clip_train_193__5.png,4,0.9999918937683105,4
Cine-Clip_train_193__53.png,4,0.999991774559021,4
Cine-Clip_train_194__12.png,3,0.9999784231185913,3
Cine-Clip_train_194__15.png,3,0.9999780654907227,3
Cine-Clip_train_194__16.png,3,0.9999780654907227,3
Cine-Clip_train_194__20.png,3,0.99997878074646,3
Cine-Clip_train_194__21.png,3,0.9999790191650391,3
Cine-Clip_train_194__42.png,3,0.9999790191650391,3
Cine-Clip_train_194__45.png,3,0.99997878074646,3
Cine-Clip_train_194__47.png,3,0.9999786615371704,3
Cine-Clip_train_194__48.png,3,0.9999786615371704,3
Cine-Clip_train_194__53.png,3,0.9999788999557495,3
Cine-Clip_train_194__68.png,3,0.9999784231185913,3
Cine-Clip_train_194__7.png,3,0.9999775886535645,3
Cine-Clip_train_194__78.png,3,0.9999790191650391,3
Cine-Clip_train_194__79.png,3,0.9999794960021973,3
Cine-Clip_train_194__81.png,3,0.9999792575836182,3
Cine-Clip_train_194__88.png,3,0.9999786615371704,3
Cine-Clip_train_194__89.png,3,0.9999769926071167,3
Cine-Clip_train_194__90.png,3,0.9999755620956421,3
Cine-Clip_train_195__101.png,3,0.9999771118164062,3
Cine-Clip_train_195__103.png,3,0.9999773502349854,3
Cine-Clip_train_195__104.png,3,0.9999775886535645,3
Cine-Clip_train_195__116.png,3,0.9999779462814331,3
Cine-Clip_train_195__117.png,3,0.999977707862854,3
Cine-Clip_train_195__120.png,3,0.9999778270721436,3
Cine-Clip_train_195__124.png,3,0.9999772310256958,3
Cine-Clip_train_195__126.png,3,0.9999775886535645,3
Cine-Clip_train_195__127.png,3,0.9999773502349854,3
Cine-Clip_train_195__129.png,3,0.9999773502349854,3
Cine-Clip_train_195__135.png,3,0.9999775886535645,3
Cine-Clip_train_195__139.png,3,0.9999760389328003,3
Cine-Clip_train_195__140.png,3,0.999976396560669,3
Cine-Clip_train_195__142.png,3,0.9999755620956421,3
Cine-Clip_train_195__143.png,3,0.9999755620956421,3
Cine-Clip_train_195__145.png,3,0.999975323677063,3
Cine-Clip_train_195__146.png,3,0.9999755620956421,3
Cine-Clip_train_195__150.png,3,0.9999773502349854,3
Cine-Clip_train_195__153.png,3,0.9999771118164062,3
Cine-Clip_train_195__155.png,3,0.9999775886535645,3
Cine-Clip_train_195__74.png,3,0.9999769926071167,3
Cine-Clip_train_195__76.png,3,0.9999775886535645,3
Cine-Clip_train_195__79.png,3,0.9999783039093018,3
Cine-Clip_train_195__85.png,3,0.9999778270721436,3
Cine-Clip_train_195__89.png,3,0.9999781847000122,3
Cine-Clip_train_195__91.png,3,0.9999779462814331,3
Cine-Clip_train_195__93.png,3,0.9999768733978271,3
Cine-Clip_train_195__94.png,3,0.999976634979248,3
Cine-Clip_train_196__11.png,4,0.9999911785125732,4
Cine-Clip_train_196__12.png,4,0.9999914169311523,4
Cine-Clip_train_196__13.png,4,0.9999915361404419,4
Cine-Clip_train_196__14.png,4,0.9999916553497314,4
Cine-Clip_train_196__16.png,4,0.9999915361404419,4
Cine-Clip_train_196__19.png,4,0.9999918937683105,4
Cine-Clip_train_196__28.png,4,0.9999881982803345,4
Cine-Clip_train_196__29.png,4,0.9999872446060181,4
Cine-Clip_train_196__36.png,4,0.9999909400939941,4
Cine-Clip_train_196__45.png,4,0.9999916553497314,4
Cine-Clip_train_196__53.png,4,0.999991774559021,4
Cine-Clip_train_196__59.png,4,0.9999914169311523,4
Cine-Clip_train_196__6.png,4,0.9999850988388062,4
Cine-Clip_train_196__60.png,4,0.9999911785125732,4
Cine-Clip_train_196__67.png,4,0.9999912977218628,4
Cine-Clip_train_196__69.png,4,0.9999914169311523,4
Cine-Clip_train_196__72.png,4,0.9999914169311523,4
Cine-Clip_train_196__79.png,4,0.9999911785125732,4
Cine-Clip_train_196__81.png,4,0.9999908208847046,4
Cine-Clip_train_196__83.png,4,0.9999904632568359,4
Cine-Clip_train_196__86.png,4,0.9999904632568359,4
Cine-Clip_train_196__9.png,4,0.999990701675415,4
Cine-Clip_train_197__12.png,3,0.9999784231185913,3
Cine-Clip_train_197__17.png,3,0.9999793767929077,3
Cine-Clip_train_197__19.png,3,0.9999790191650391,3
Cine-Clip_train_197__20.png,3,0.9999791383743286,3
Cine-Clip_train_197__26.png,3,0.9999786615371704,3
Cine-Clip_train_197__29.png,3,0.9999786615371704,3
Cine-Clip_train_197__41.png,3,0.9999780654907227,3
Cine-Clip_train_197__44.png,3,0.9999780654907227,3
Cine-Clip_train_197__49.png,3,0.9999788999557495,3
Cine-Clip_train_197__6.png,3,0.99997878074646,3
Cine-Clip_train_197__64.png,3,0.9999783039093018,3
Cine-Clip_train_197__65.png,3,0.9999779462814331,3
Cine-Clip_train_197__66.png,3,0.9999779462814331,3
Cine-Clip_train_197__77.png,3,0.9999781847000122,3
Cine-Clip_train_197__80.png,3,0.9999775886535645,3
Cine-Clip_train_197__83.png,3,0.9999774694442749,3
Cine-Clip_train_197__84.png,3,0.9999768733978271,3
Cine-Clip_train_197__88.png,3,0.9999768733978271,3
Cine-Clip_train_198__101.png,4,0.999991774559021,4
Cine-Clip_train_198__105.png,4,0.999991774559021,4
Cine-Clip_train_198__106.png,4,0.999991774559021,4
Cine-Clip_train_198__112.png,4,0.9999914169311523,4
Cine-Clip_train_198__131.png,4,0.9999916553497314,4
Cine-Clip_train_198__132.png,4,0.999991774559021,4
Cine-Clip_train_198__135.png,4,0.999991774559021,4
Cine-Clip_train_198__140.png,4,0.999991774559021,4
Cine-Clip_train_198__143.png,4,0.999991774559021,4
Cine-Clip_train_198__146.png,4,0.999991774559021,4
Cine-Clip_train_198__150.png,4,0.9999918937683105,4
Cine-Clip_train_198__151.png,4,0.9999918937683105,4
Cine-Clip_train_198__154.png,4,0.9999918937683105,4
Cine-Clip_train_198__156.png,4,0.9999918937683105,4
Cine-Clip_train_198__158.png,4,0.999991774559021,4
Cine-Clip_train_198__160.png,4,0.999991774559021,4
Cine-Clip_train_198__163.png,4,0.999991774559021,4
Cine-Clip_train_198__165.png,4,0.9999916553497314,4
Cine-Clip_train_198__180.png,4,0.9999916553497314,4
Cine-Clip_train_198__194.png,4,0.9999915361404419,4
Cine-Clip_train_198__197.png,4,0.9999915361404419,4
Cine-Clip_train_198__203.png,4,0.9999914169311523,4
Cine-Clip_train_198__49.png,4,0.9999914169311523,4
Cine-Clip_train_198__54.png,4,0.9999915361404419,4
Cine-Clip_train_198__59.png,4,0.999991774559021,4
Cine-Clip_train_198__62.png,4,0.9999916553497314,4
Cine-Clip_train_198__65.png,4,0.9999916553497314,4
Cine-Clip_train_198__67.png,4,0.9999916553497314,4
Cine-Clip_train_198__75.png,4,0.999991774559021,4
Cine-Clip_train_198__76.png,4,0.9999916553497314,4
Cine-Clip_train_198__77.png,4,0.9999916553497314,4
Cine-Clip_train_198__81.png,4,0.9999916553497314,4
Cine-Clip_train_198__86.png,4,0.9999914169311523,4
Cine-Clip_train_198__97.png,4,0.9999916553497314,4
Cine-Clip_train_198__98.png,4,0.9999916553497314,4
Cine-Clip_train_199__103.png,4,0.9999918937683105,4
Cine-Clip_train_199__114.png,4,0.9999918937683105,4
Cine-Clip_train_199__116.png,4,0.999991774559021,4
Cine-Clip_train_199__119.png,4,0.999991774559021,4
Cine-Clip_train_199__120.png,4,0.999991774559021,4
Cine-Clip_train_199__125.png,4,0.9999915361404419,4
Cine-Clip_train_199__126.png,4,0.9999912977218628,4
Cine-Clip_train_199__25.png,4,0.9999866485595703,4
Cine-Clip_train_199__27.png,4,0.9999858140945435,4
Cine-Clip_train_199__30.png,4,0.9999901056289673,4
Cine-Clip_train_199__32.png,4,0.9999912977218628,4
Cine-Clip_train_199__34.png,4,0.9999910593032837,4
Cine-Clip_train_199__35.png,4,0.9999910593032837,4
Cine-Clip_train_199__52.png,4,0.9999918937683105,4
Cine-Clip_train_199__59.png,4,0.999991774559021,4
Cine-Clip_train_199__85.png,4,0.999991774559021,4
Cine-Clip_train_199__87.png,4,0.999991774559021,4
Cine-Clip_train_199__90.png,4,0.9999918937683105,4
Cine-Clip_train_199__93.png,4,0.9999918937683105,4
Cine-Clip_train_1__101.png,2,0.999931812286377,2
Cine-Clip_train_1__107.png,2,0.9999387264251709,2
Cine-Clip_train_1__80.png,2,0.9999202489852905,2
Cine-Clip_train_1__83.png,2,0.999936580657959,2
Cine-Clip_train_1__87.png,2,0.9999381303787231,2
Cine-Clip_train_1__89.png,2,0.9999361038208008,2
Cine-Clip_train_1__98.png,2,0.9999339580535889,2
Cine-Clip_train_1__99.png,2,0.9999350309371948,2
Cine-Clip_train_200__54.png,1,0.999984860420227,1
Cine-Clip_train_200__55.png,1,0.9999843835830688,1
Cine-Clip_train_200__62.png,1,0.9999855756759644,1
Cine-Clip_train_200__65.png,1,0.9999850988388062,1
Cine-Clip_train_200__72.png,1,0.999984622001648,1
Cine-Clip_train_200__76.png,1,0.999983549118042,1
Cine-Clip_train_200__81.png,1,0.9999841451644897,1
Cine-Clip_train_200__94.png,1,0.9999862909317017,1
Cine-Clip_train_201__22.png,2,0.9999469518661499,2
Cine-Clip_train_201__24.png,2,0.9998725652694702,2
Cine-Clip_train_201__26.png,2,0.9999151229858398,2
Cine-Clip_train_201__27.png,2,0.9999200105667114,2
Cine-Clip_train_201__30.png,2,0.9998617172241211,2
Cine-Clip_train_201__32.png,2,0.9999146461486816,2
Cine-Clip_train_201__38.png,2,0.9999147653579712,2
Cine-Clip_train_201__48.png,2,0.9999421834945679,2
Cine-Clip_train_201__49.png,2,0.9999399185180664,2
Cine-Clip_train_202__11.png,3,0.9999778270721436,3
Cine-Clip_train_202__12.png,3,0.9999775886535645,3
Cine-Clip_train_202__2.png,3,0.9999769926071167,3
Cine-Clip_train_202__21.png,3,0.999977707862854,3
Cine-Clip_train_202__26.png,3,0.9999743700027466,3
Cine-Clip_train_202__27.png,3,0.9999756813049316,3
Cine-Clip_train_202__30.png,3,0.9999760389328003,3
Cine-Clip_train_202__32.png,3,0.9999768733978271,3
Cine-Clip_train_202__39.png,3,0.9999773502349854,3
Cine-Clip_train_202__42.png,3,0.9999771118164062,3
Cine-Clip_train_202__49.png,3,0.9999790191650391,3
Cine-Clip_train_202__56.png,3,0.9999793767929077,3
Cine-Clip_train_203__35.png,3,0.9999653100967407,3
Cine-Clip_train_203__43.png,3,0.9999740123748779,3
Cine-Clip_train_203__48.png,3,0.9999748468399048,3
Cine-Clip_train_203__55.png,3,0.9999758005142212,3
Cine-Clip_train_203__57.png,3,0.9999769926071167,3
Cine-Clip_train_203__59.png,3,0.999976396560669,3
Cine-Clip_train_203__61.png,3,0.9999750852584839,3
Cine-Clip_train_203__68.png,3,0.9999728202819824,3
Cine-Clip_train_204__49.png,4,0.9999920129776001,4
Cine-Clip_train_204__55.png,4,0.9999920129776001,4
Cine-Clip_train_204__59.png,4,0.9999920129776001,4
Cine-Clip_train_204__65.png,4,0.9999918937683105,4
Cine-Clip_train_204__70.png,4,0.9999918937683105,4
Cine-Clip_train_204__75.png,4,0.9999918937683105,4
Cine-Clip_train_204__78.png,4,0.9999920129776001,4
Cine-Clip_train_204__81.png,4,0.9999920129776001,4
Cine-Clip_train_204__88.png,4,0.9999920129776001,4
Cine-Clip_train_204__91.png,4,0.9999920129776001,4
Cine-Clip_train_206__104.png,3,0.9999783039093018,3
Cine-Clip_train_206__106.png,3,0.9999780654907227,3
Cine-Clip_train_206__119.png,3,0.9999783039093018,3
Cine-Clip_train_206__120.png,3,0.9999784231185913,3
Cine-Clip_train_206__121.png,3,0.9999784231185913,3
Cine-Clip_train_206__128.png,3,0.9999785423278809,3
Cine-Clip_train_206__20.png,3,0.9999752044677734,3
Cine-Clip_train_206__21.png,3,0.9999734163284302,3
Cine-Clip_train_206__22.png,3,0.9999737739562988,3
Cine-Clip_train_206__30.png,3,0.9999761581420898,3
Cine-Clip_train_206__35.png,3,0.9999792575836182,3
Cine-Clip_train_206__37.png,3,0.9999796152114868,3
Cine-Clip_train_206__41.png,3,0.9999792575836182,3
Cine-Clip_train_206__49.png,3,0.9999792575836182,3
Cine-Clip_train_206__50.png,3,0.9999791383743286,3
Cine-Clip_train_206__51.png,3,0.9999791383743286,3
Cine-Clip_train_206__66.png,3,0.9999780654907227,3
Cine-Clip_train_206__70.png,3,0.9999780654907227,3
Cine-Clip_train_206__74.png,3,0.9999778270721436,3
Cine-Clip_train_207__59.png,4,0.9999903440475464,4
Cine-Clip_train_207__60.png,4,0.9999899864196777,4
Cine-Clip_train_207__61.png,4,0.9999902248382568,4
Cine-Clip_train_207__66.png,4,0.9999914169311523,4
Cine-Clip_train_207__73.png,4,0.9999918937683105,4
Cine-Clip_train_207__78.png,4,0.9999916553497314,4
Cine-Clip_train_207__80.png,4,0.9999910593032837,4
Cine-Clip_train_208__22.png,3,0.9999786615371704,3
Cine-Clip_train_208__26.png,3,0.9999790191650391,3
Cine-Clip_train_208__31.png,3,0.99997878074646,3
Cine-Clip_train_208__32.png,3,0.99997878074646,3
Cine-Clip_train_208__46.png,3,0.9999786615371704,3
Cine-Clip_train_208__53.png,3,0.9999779462814331,3
Cine-Clip_train_208__67.png,3,0.99997878074646,3
Cine-Clip_train_208__75.png,3,0.9999783039093018,3
Cine-Clip_train_208__77.png,3,0.9999785423278809,3
Cine-Clip_train_209__12.png,3,0.9999771118164062,3
Cine-Clip_train_209__18.png,3,0.9999788999557495,3
Cine-Clip_train_209__39.png,3,0.9999774694442749,3
Cine-Clip_train_209__40.png,3,0.9999761581420898,3
Cine-Clip_train_20__10.png,3,0.9999775886535645,3
Cine-Clip_train_20__11.png,3,0.9999780654907227,3
Cine-Clip_train_20__12.png,3,0.9999784231185913,3
Cine-Clip_train_20__19.png,3,0.9999784231185913,3
Cine-Clip_train_20__26.png,3,0.9999774694442749,3
Cine-Clip_train_20__32.png,3,0.9999785423278809,3
Cine-Clip_train_20__38.png,3,0.9999786615371704,3
Cine-Clip_train_20__47.png,3,0.9999779462814331,3
Cine-Clip_train_20__49.png,3,0.9999774694442749,3
Cine-Clip_train_20__55.png,3,0.9999773502349854,3
Cine-Clip_train_210__103.png,1,0.9999866485595703,1
Cine-Clip_train_210__108.png,1,0.9999864101409912,1
Cine-Clip_train_210__113.png,1,0.9999868869781494,1
Cine-Clip_train_210__117.png,1,0.9999865293502808,1
Cine-Clip_train_210__118.png,1,0.9999865293502808,1
Cine-Clip_train_210__120.png,1,0.9999861717224121,1
Cine-Clip_train_210__144.png,1,0.9999872446060181,1
Cine-Clip_train_210__15.png,1,0.9999855756759644,1
Cine-Clip_train_210__150.png,1,0.999984622001648,1
Cine-Clip_train_210__152.png,1,0.9999839067459106,1
Cine-Clip_train_210__153.png,1,0.9999847412109375,1
Cine-Clip_train_210__163.png,1,0.9999823570251465,1
Cine-Clip_train_210__168.png,1,0.9999850988388062,1
Cine-Clip_train_210__169.png,1,0.9999853372573853,1
Cine-Clip_train_210__171.png,1,0.9999856948852539,1
Cine-Clip_train_210__173.png,1,0.9999860525131226,1
Cine-Clip_train_210__176.png,1,0.9999850988388062,1
Cine-Clip_train_210__177.png,1,0.9999845027923584,1
Cine-Clip_train_210__178.png,1,0.9999821186065674,1
Cine-Clip_train_210__18.png,1,0.9999867677688599,1
Cine-Clip_train_210__182.png,1,0.9999856948852539,1
Cine-Clip_train_210__186.png,1,0.9999866485595703,1
Cine-Clip_train_210__187.png,1,0.9999867677688599,1
Cine-Clip_train_210__189.png,1,0.999987006187439,1
Cine-Clip_train_210__192.png,1,0.9999866485595703,1
Cine-Clip_train_210__194.png,1,0.9999866485595703,1
Cine-Clip_train_210__32.png,1,0.9999866485595703,1
Cine-Clip_train_210__37.png,1,0.9999866485595703,1
Cine-Clip_train_210__38.png,1,0.9999867677688599,1
Cine-Clip_train_210__39.png,1,0.9999866485595703,1
Cine-Clip_train_210__42.png,1,0.9999866485595703,1
Cine-Clip_train_210__49.png,1,0.9999865293502808,1
Cine-Clip_train_210__61.png,1,0.9999862909317017,1
Cine-Clip_train_210__63.png,1,0.9999862909317017,1
Cine-Clip_train_210__65.png,1,0.9999862909317017,1
Cine-Clip_train_210__67.png,1,0.9999862909317017,1
Cine-Clip_train_210__69.png,1,0.9999864101409912,1
Cine-Clip_train_210__77.png,1,0.9999866485595703,1
Cine-Clip_train_210__78.png,1,0.9999866485595703,1
Cine-Clip_train_210__79.png,1,0.9999865293502808,1
Cine-Clip_train_210__87.png,1,0.9999865293502808,1
Cine-Clip_train_210__90.png,1,0.9999861717224121,1
Cine-Clip_train_210__91.png,1,0.9999861717224121,1
Cine-Clip_train_210__92.png,1,0.9999861717224121,1
Cine-Clip_train_211__16.png,2,0.9999358654022217,2
Cine-Clip_train_211__21.png,2,0.9999430179595947,2
Cine-Clip_train_211__26.png,2,0.9999345541000366,2
Cine-Clip_train_211__29.png,2,0.9999395608901978,2
Cine-Clip_train_211__36.png,2,0.9999382495880127,2
Cine-Clip_train_211__39.png,2,0.9999381303787231,2
Cine-Clip_train_211__45.png,2,0.999933123588562,2
Cine-Clip_train_211__61.png,2,0.9999326467514038,2
Cine-Clip_train_211__69.png,2,0.9999277591705322,2
Cine-Clip_train_211__77.png,2,0.9999301433563232,2
Cine-Clip_train_212__107.png,2,0.9999425411224365,2
Cine-Clip_train_212__117.png,2,0.9999440908432007,2
Cine-Clip_train_212__124.png,2,0.9999383687973022,2
Cine-Clip_train_212__125.png,2,0.9999366998672485,2
Cine-Clip_train_212__127.png,2,0.9999269247055054,2
Cine-Clip_train_212__129.png,2,0.9999243021011353,2
Cine-Clip_train_212__53.png,2,0.9999475479125977,2
Cine-Clip_train_212__54.png,2,0.9999477863311768,2
Cine-Clip_train_212__56.png,2,0.9999454021453857,2
Cine-Clip_train_212__63.png,2,0.999944806098938,2
Cine-Clip_train_212__71.png,2,0.999944806098938,2
Cine-Clip_train_212__75.png,2,0.9999462366104126,2
Cine-Clip_train_212__76.png,2,0.9999464750289917,2
Cine-Clip_train_212__82.png,2,0.9999463558197021,2
Cine-Clip_train_212__83.png,2,0.9999457597732544,2
Cine-Clip_train_212__84.png,2,0.9999465942382812,2
Cine-Clip_train_212__85.png,2,0.999946117401123,2
Cine-Clip_train_212__91.png,2,0.9999463558197021,2
Cine-Clip_train_213__108.png,2,0.9999443292617798,2
Cine-Clip_train_213__110.png,2,0.9999428987503052,2
Cine-Clip_train_213__126.png,2,0.9999262094497681,2
Cine-Clip_train_213__128.png,2,0.9999223947525024,2
Cine-Clip_train_213__129.png,2,0.9999220371246338,2
Cine-Clip_train_213__146.png,2,0.9999246597290039,2
Cine-Clip_train_213__147.png,2,0.9999300241470337,2
Cine-Clip_train_213__152.png,2,0.9998852014541626,2
Cine-Clip_train_213__153.png,2,0.9998655319213867,2
Cine-Clip_train_213__20.png,2,0.9999431371688843,2
Cine-Clip_train_213__38.png,2,0.9999421834945679,2
Cine-Clip_train_213__40.png,2,0.9999428987503052,2
Cine-Clip_train_213__42.png,2,0.9999428987503052,2
Cine-Clip_train_213__5.png,2,0.9999322891235352,2
Cine-Clip_train_213__53.png,2,0.9999450445175171,2
Cine-Clip_train_213__59.png,2,0.9999419450759888,2
Cine-Clip_train_213__6.png,2,0.9999327659606934,2
Cine-Clip_train_213__61.png,2,0.9999417066574097,2
Cine-Clip_train_213__65.png,2,0.9999425411224365,2
Cine-Clip_train_213__73.png,2,0.999942421913147,2
Cine-Clip_train_213__75.png,2,0.9999412298202515,2
Cine-Clip_train_213__77.png,2,0.9999409914016724,2
Cine-Clip_train_213__86.png,2,0.9999426603317261,2
Cine-Clip_train_213__89.png,2,0.9999417066574097,2
Cine-Clip_train_214__105.png,3,0.9999736547470093,3
Cine-Clip_train_214__106.png,3,0.9999755620956421,3
Cine-Clip_train_214__14.png,3,0.9999649524688721,3
Cine-Clip_train_214__15.png,3,0.9999641180038452,3
Cine-Clip_train_214__2.png,3,0.9999531507492065,3
Cine-Clip_train_214__21.png,3,0.9999644756317139,3
Cine-Clip_train_214__25.png,3,0.9999655485153198,3
Cine-Clip_train_214__28.png,3,0.9999667406082153,3
Cine-Clip_train_214__3.png,3,0.9999531507492065,3
Cine-Clip_train_214__31.png,3,0.9999725818634033,3
Cine-Clip_train_214__35.png,3,0.999968409538269,3
Cine-Clip_train_214__36.png,3,0.9999673366546631,3
Cine-Clip_train_214__37.png,3,0.9999674558639526,3
Cine-Clip_train_214__44.png,3,0.9999737739562988,3
Cine-Clip_train_214__45.png,3,0.9999746084213257,3
Cine-Clip_train_214__47.png,3,0.9999744892120361,3
Cine-Clip_train_214__48.png,3,0.999974250793457,3
Cine-Clip_train_214__62.png,3,0.9999688863754272,3
Cine-Clip_train_214__66.png,3,0.9999706745147705,3
Cine-Clip_train_214__73.png,3,0.9999734163284302,3
Cine-Clip_train_214__83.png,3,0.9999668598175049,3
Cine-Clip_train_214__86.png,3,0.9999659061431885,3
Cine-Clip_train_214__98.png,3,0.9999711513519287,3
Cine-Clip_train_21__10.png,4,0.9999916553497314,4
Cine-Clip_train_21__11.png,4,0.9999914169311523,4
Cine-Clip_train_21__13.png,4,0.9999914169311523,4
Cine-Clip_train_21__21.png,4,0.9999914169311523,4
Cine-Clip_train_21__29.png,4,0.9999914169311523,4
Cine-Clip_train_21__35.png,4,0.9999916553497314,4
Cine-Clip_train_21__45.png,4,0.9999904632568359,4
Cine-Clip_train_21__52.png,4,0.9999895095825195,4
Cine-Clip_train_21__56.png,4,0.9999889135360718,4
Cine-Clip_train_21__65.png,4,0.9999903440475464,4
Cine-Clip_train_21__7.png,4,0.9999912977218628,4
Cine-Clip_train_21__71.png,4,0.9999916553497314,4
Cine-Clip_train_21__78.png,4,0.999991774559021,4
Cine-Clip_train_21__8.png,4,0.9999915361404419,4
Cine-Clip_train_21__84.png,4,0.9999916553497314,4
Cine-Clip_train_22__104.png,4,0.9999918937683105,4
Cine-Clip_train_22__109.png,4,0.9999918937683105,4
Cine-Clip_train_22__112.png,4,0.9999918937683105,4
Cine-Clip_train_22__114.png,4,0.9999918937683105,4
Cine-Clip_train_22__128.png,4,0.9999918937683105,4
Cine-Clip_train_22__131.png,4,0.9999918937683105,4
Cine-Clip_train_22__133.png,4,0.9999918937683105,4
Cine-Clip_train_22__138.png,4,0.9999918937683105,4
Cine-Clip_train_22__140.png,4,0.9999920129776001,4
Cine-Clip_train_22__141.png,4,0.9999920129776001,4
Cine-Clip_train_22__145.png,4,0.9999920129776001,4
Cine-Clip_train_22__154.png,4,0.9999920129776001,4
Cine-Clip_train_22__157.png,4,0.9999920129776001,4
Cine-Clip_train_22__160.png,4,0.9999920129776001,4
Cine-Clip_train_22__166.png,4,0.9999920129776001,4
Cine-Clip_train_22__169.png,4,0.9999920129776001,4
Cine-Clip_train_22__172.png,4,0.9999920129776001,4
Cine-Clip_train_22__177.png,4,0.9999918937683105,4
Cine-Clip_train_22__23.png,4,0.9999918937683105,4
Cine-Clip_train_22__44.png,4,0.9999920129776001,4
Cine-Clip_train_22__51.png,4,0.9999918937683105,4
Cine-Clip_train_22__54.png,4,0.9999920129776001,4
Cine-Clip_train_22__55.png,4,0.9999920129776001,4
Cine-Clip_train_22__57.png,4,0.9999920129776001,4
Cine-Clip_train_22__59.png,4,0.9999920129776001,4
Cine-Clip_train_22__61.png,4,0.9999920129776001,4
Cine-Clip_train_22__67.png,4,0.9999920129776001,4
Cine-Clip_train_22__68.png,4,0.9999920129776001,4
Cine-Clip_train_22__71.png,4,0.9999920129776001,4
Cine-Clip_train_22__83.png,4,0.9999920129776001,4
Cine-Clip_train_22__86.png,4,0.9999920129776001,4
Cine-Clip_train_22__97.png,4,0.9999920129776001,4
Cine-Clip_train_22__98.png,4,0.9999920129776001,4
Cine-Clip_train_22__99.png,4,0.9999920129776001,4
Cine-Clip_train_23__46.png,1,0.9999805688858032,1
Cine-Clip_train_23__49.png,1,0.9999816417694092,1
Cine-Clip_train_23__54.png,1,0.9999798536300659,1
Cine-Clip_train_23__56.png,1,0.9999808073043823,1
Cine-Clip_train_23__73.png,1,0.9999823570251465,1
Cine-Clip_train_23__80.png,1,0.9999816417694092,1
Cine-Clip_train_23__82.png,1,0.9999816417694092,1
Cine-Clip_train_24__108.png,4,0.9999887943267822,4
Cine-Clip_train_24__113.png,4,0.9999901056289673,4
Cine-Clip_train_24__114.png,4,0.9999899864196777,4
Cine-Clip_train_24__125.png,4,0.9999914169311523,4
Cine-Clip_train_24__126.png,4,0.9999914169311523,4
Cine-Clip_train_24__127.png,4,0.9999914169311523,4
Cine-Clip_train_24__131.png,4,0.9999914169311523,4
Cine-Clip_train_24__136.png,4,0.9999915361404419,4
Cine-Clip_train_24__138.png,4,0.9999915361404419,4
Cine-Clip_train_24__142.png,4,0.9999915361404419,4
Cine-Clip_train_24__150.png,4,0.9999914169311523,4
Cine-Clip_train_24__151.png,4,0.9999914169311523,4
Cine-Clip_train_24__157.png,4,0.9999914169311523,4
Cine-Clip_train_24__162.png,4,0.9999914169311523,4
Cine-Clip_train_24__167.png,4,0.9999915361404419,4
Cine-Clip_train_24__182.png,4,0.9999914169311523,4
Cine-Clip_train_24__185.png,4,0.9999914169311523,4
Cine-Clip_train_24__192.png,4,0.9999912977218628,4
Cine-Clip_train_24__194.png,4,0.9999914169311523,4
Cine-Clip_train_24__209.png,4,0.999991774559021,4
Cine-Clip_train_24__212.png,4,0.999991774559021,4
Cine-Clip_train_24__213.png,4,0.999991774559021,4
Cine-Clip_train_24__214.png,4,0.999991774559021,4
Cine-Clip_train_24__216.png,4,0.999991774559021,4
Cine-Clip_train_24__222.png,4,0.9999897480010986,4
Cine-Clip_train_24__53.png,4,0.9999908208847046,4
Cine-Clip_train_24__56.png,4,0.9999903440475464,4
Cine-Clip_train_24__60.png,4,0.99998939037323,4
Cine-Clip_train_24__62.png,4,0.9999896287918091,4
Cine-Clip_train_24__64.png,4,0.99998939037323,4
Cine-Clip_train_24__65.png,4,0.9999887943267822,4
Cine-Clip_train_24__67.png,4,0.9999890327453613,4
Cine-Clip_train_24__77.png,4,0.9999915361404419,4
Cine-Clip_train_24__80.png,4,0.9999912977218628,4
Cine-Clip_train_24__83.png,4,0.9999905824661255,4
Cine-Clip_train_24__87.png,4,0.9999904632568359,4
Cine-Clip_train_24__88.png,4,0.9999908208847046,4
Cine-Clip_train_24__90.png,4,0.9999911785125732,4
Cine-Clip_train_25__23.png,3,0.9999758005142212,3
Cine-Clip_train_25__34.png,3,0.999977707862854,3
Cine-Clip_train_25__36.png,3,0.9999774694442749,3
Cine-Clip_train_25__52.png,3,0.9999769926071167,3
Cine-Clip_train_25__54.png,3,0.9999772310256958,3
Cine-Clip_train_25__56.png,3,0.9999771118164062,3
Cine-Clip_train_25__61.png,3,0.9999767541885376,3
Cine-Clip_train_25__68.png,3,0.9999767541885376,3
Cine-Clip_train_25__80.png,3,0.9999767541885376,3
Cine-Clip_train_25__81.png,3,0.9999765157699585,3
Cine-Clip_train_25__92.png,3,0.9999769926071167,3
Cine-Clip_train_27__25.png,3,0.9999791383743286,3
Cine-Clip_train_27__28.png,3,0.9999791383743286,3
Cine-Clip_train_27__36.png,3,0.999977707862854,3
Cine-Clip_train_27__40.png,3,0.9999779462814331,3
Cine-Clip_train_27__42.png,3,0.9999784231185913,3
Cine-Clip_train_27__43.png,3,0.9999778270721436,3
Cine-Clip_train_28__10.png,2,0.9999297857284546,2
Cine-Clip_train_28__111.png,2,0.9999445676803589,2
Cine-Clip_train_28__113.png,2,0.9999454021453857,2
Cine-Clip_train_28__118.png,2,0.9999455213546753,2
Cine-Clip_train_28__121.png,2,0.9999449253082275,2
Cine-Clip_train_28__127.png,2,0.9999454021453857,2
Cine-Clip_train_28__13.png,2,0.9999371767044067,2
Cine-Clip_train_28__140.png,2,0.9999475479125977,2
Cine-Clip_train_28__146.png,2,0.9999444484710693,2
Cine-Clip_train_28__148.png,2,0.9999431371688843,2
Cine-Clip_train_28__153.png,2,0.9999479055404663,2
Cine-Clip_train_28__165.png,2,0.9999480247497559,2
Cine-Clip_train_28__168.png,2,0.9999438524246216,2
Cine-Clip_train_28__173.png,2,0.9999430179595947,2
Cine-Clip_train_28__175.png,2,0.9999428987503052,2
Cine-Clip_train_28__179.png,2,0.9999421834945679,2
Cine-Clip_train_28__183.png,2,0.9999428987503052,2
Cine-Clip_train_28__189.png,2,0.9999414682388306,2
Cine-Clip_train_28__192.png,2,0.9999436140060425,2
Cine-Clip_train_28__194.png,2,0.9999417066574097,2
Cine-Clip_train_28__196.png,2,0.9999386072158813,2
Cine-Clip_train_28__199.png,2,0.9999396800994873,2
Cine-Clip_train_28__201.png,2,0.9999394416809082,2
Cine-Clip_train_28__203.png,2,0.9999371767044067,2
Cine-Clip_train_28__207.png,2,0.999930739402771,2
Cine-Clip_train_28__208.png,2,0.9999319314956665,2
Cine-Clip_train_28__21.png,2,0.9999440908432007,2
Cine-Clip_train_28__212.png,2,0.9999345541000366,2
Cine-Clip_train_28__213.png,2,0.9999345541000366,2
Cine-Clip_train_28__216.png,2,0.9999337196350098,2
Cine-Clip_train_28__218.png,2,0.9999332427978516,2
Cine-Clip_train_28__226.png,2,0.9999327659606934,2
Cine-Clip_train_28__228.png,2,0.9999333620071411,2
Cine-Clip_train_28__229.png,2,0.9999330043792725,2
Cine-Clip_train_28__247.png,2,0.9999226331710815,2
Cine-Clip_train_28__25.png,2,0.9999426603317261,2
Cine-Clip_train_28__255.png,2,0.9999022483825684,2
Cine-Clip_train_28__259.png,2,0.9999052286148071,2
Cine-Clip_train_28__31.png,2,0.9999412298202515,2
Cine-Clip_train_28__36.png,2,0.9999420642852783,2
Cine-Clip_train_28__56.png,2,0.9999421834945679,2
Cine-Clip_train_28__57.png,2,0.9999425411224365,2
Cine-Clip_train_28__63.png,2,0.9999406337738037,2
Cine-Clip_train_28__70.png,2,0.9999412298202515,2
Cine-Clip_train_28__72.png,2,0.9999408721923828,2
Cine-Clip_train_28__75.png,2,0.9999439716339111,2
Cine-Clip_train_28__76.png,2,0.9999419450759888,2
Cine-Clip_train_28__80.png,2,0.9999372959136963,2
Cine-Clip_train_28__82.png,2,0.9999383687973022,2
Cine-Clip_train_28__86.png,2,0.9999399185180664,2
Cine-Clip_train_28__87.png,2,0.9999384880065918,2
Cine-Clip_train_28__88.png,2,0.9999361038208008,2
Cine-Clip_train_28__9.png,2,0.9999215602874756,2
Cine-Clip_train_28__98.png,2,0.9999457597732544,2
Cine-Clip_train_29__104.png,3,0.9999773502349854,3
Cine-Clip_train_29__112.png,3,0.999977707862854,3
Cine-Clip_train_29__116.png,3,0.9999780654907227,3
Cine-Clip_train_29__121.png,3,0.9999778270721436,3
Cine-Clip_train_29__128.png,3,0.9999773502349854,3
Cine-Clip_train_29__134.png,3,0.9999780654907227,3
Cine-Clip_train_29__137.png,3,0.9999783039093018,3
Cine-Clip_train_29__142.png,3,0.9999778270721436,3
Cine-Clip_train_29__148.png,3,0.9999765157699585,3
Cine-Clip_train_29__153.png,3,0.9999775886535645,3
Cine-Clip_train_29__33.png,3,0.9999775886535645,3
Cine-Clip_train_29__34.png,3,0.9999775886535645,3
Cine-Clip_train_29__39.png,3,0.9999780654907227,3
Cine-Clip_train_29__42.png,3,0.9999780654907227,3
Cine-Clip_train_29__48.png,3,0.9999783039093018,3
Cine-Clip_train_29__49.png,3,0.9999778270721436,3
Cine-Clip_train_29__55.png,3,0.9999779462814331,3
Cine-Clip_train_29__62.png,3,0.9999774694442749,3
Cine-Clip_train_29__64.png,3,0.9999769926071167,3
Cine-Clip_train_29__72.png,3,0.9999778270721436,3
Cine-Clip_train_29__78.png,3,0.9999785423278809,3
Cine-Clip_train_29__80.png,3,0.9999784231185913,3
Cine-Clip_train_29__84.png,3,0.9999786615371704,3
Cine-Clip_train_29__87.png,3,0.9999784231185913,3
Cine-Clip_train_29__95.png,3,0.9999780654907227,3
Cine-Clip_train_29__99.png,3,0.999977707862854,3
Cine-Clip_train_2__104.png,1,0.9999861717224121,1
Cine-Clip_train_2__107.png,1,0.9999862909317017,1
Cine-Clip_train_2__112.png,1,0.9999860525131226,1
Cine-Clip_train_2__115.png,1,0.9999858140945435,1
Cine-Clip_train_2__120.png,1,0.9999861717224121,1
Cine-Clip_train_2__16.png,1,0.9999856948852539,1
Cine-Clip_train_2__21.png,1,0.9999852180480957,1
Cine-Clip_train_2__26.png,1,0.9999854564666748,1
Cine-Clip_train_2__27.png,1,0.9999853372573853,1
Cine-Clip_train_2__30.png,1,0.9999854564666748,1
Cine-Clip_train_2__34.png,1,0.9999854564666748,1
Cine-Clip_train_2__36.png,1,0.9999854564666748,1
Cine-Clip_train_2__40.png,1,0.9999847412109375,1
Cine-Clip_train_2__43.png,1,0.9999841451644897,1
Cine-Clip_train_2__49.png,1,0.9999850988388062,1
Cine-Clip_train_2__55.png,1,0.9999850988388062,1
Cine-Clip_train_2__58.png,1,0.9999849796295166,1
Cine-Clip_train_2__6.png,1,0.9999853372573853,1
Cine-Clip_train_2__63.png,1,0.999984860420227,1
Cine-Clip_train_2__64.png,1,0.9999849796295166,1
Cine-Clip_train_2__72.png,1,0.9999847412109375,1
Cine-Clip_train_2__90.png,1,0.999984622001648,1
Cine-Clip_train_2__98.png,1,0.9999849796295166,1
Cine-Clip_train_2__99.png,1,0.9999850988388062,1
Cine-Clip_train_30__105.png,2,0.9999377727508545,2
Cine-Clip_train_30__126.png,2,0.9999380111694336,2
Cine-Clip_train_30__135.png,2,0.9999381303787231,2
Cine-Clip_train_30__136.png,2,0.9999370574951172,2
Cine-Clip_train_30__138.png,2,0.9999364614486694,2
Cine-Clip_train_30__140.png,2,0.9999375343322754,2
Cine-Clip_train_30__143.png,2,0.9999390840530396,2
Cine-Clip_train_30__144.png,2,0.9999393224716187,2
Cine-Clip_train_30__148.png,2,0.9999363422393799,2
Cine-Clip_train_30__151.png,2,0.9999359846115112,2
Cine-Clip_train_30__155.png,2,0.9999375343322754,2
Cine-Clip_train_30__163.png,2,0.9999384880065918,2
Cine-Clip_train_30__165.png,2,0.9999370574951172,2
Cine-Clip_train_30__167.png,2,0.9999346733093262,2
Cine-Clip_train_30__173.png,2,0.9999363422393799,2
Cine-Clip_train_30__175.png,2,0.9999366998672485,2
Cine-Clip_train_30__179.png,2,0.9999377727508545,2
Cine-Clip_train_30__185.png,2,0.9999387264251709,2
Cine-Clip_train_30__186.png,2,0.9999394416809082,2
Cine-Clip_train_30__192.png,2,0.9999361038208008,2
Cine-Clip_train_30__193.png,2,0.9999358654022217,2
Cine-Clip_train_30__25.png,2,0.9999399185180664,2
Cine-Clip_train_30__31.png,2,0.9999388456344604,2
Cine-Clip_train_30__32.png,2,0.9999392032623291,2
Cine-Clip_train_30__35.png,2,0.999940037727356,2
Cine-Clip_train_30__43.png,2,0.9999393224716187,2
Cine-Clip_train_30__53.png,2,0.999935507774353,2
Cine-Clip_train_30__55.png,2,0.9999332427978516,2
Cine-Clip_train_30__57.png,2,0.9999345541000366,2
Cine-Clip_train_30__67.png,2,0.9999352693557739,2
Cine-Clip_train_30__74.png,2,0.9999358654022217,2
Cine-Clip_train_30__78.png,2,0.9999392032623291,2
Cine-Clip_train_30__81.png,2,0.9999394416809082,2
Cine-Clip_train_31__207.png,3,0.9999775886535645,3
Cine-Clip_train_31__211.png,3,0.9999775886535645,3
Cine-Clip_train_31__215.png,3,0.9999775886535645,3
Cine-Clip_train_31__219.png,3,0.999977707862854,3
Cine-Clip_train_31__221.png,3,0.999977707862854,3
Cine-Clip_train_31__222.png,3,0.999977707862854,3
Cine-Clip_train_31__226.png,3,0.9999778270721436,3
Cine-Clip_train_31__228.png,3,0.9999779462814331,3
Cine-Clip_train_31__231.png,3,0.9999781847000122,3
Cine-Clip_train_31__233.png,3,0.9999783039093018,3
Cine-Clip_train_31__236.png,3,0.9999781847000122,3
Cine-Clip_train_31__244.png,3,0.999977707862854,3
Cine-Clip_train_31__247.png,3,0.9999781847000122,3
Cine-Clip_train_31__251.png,3,0.9999781847000122,3
Cine-Clip_train_31__256.png,3,0.9999775886535645,3
Cine-Clip_train_31__261.png,3,0.9999774694442749,3
Cine-Clip_train_31__270.png,3,0.9999768733978271,3
Cine-Clip_train_31__271.png,3,0.9999765157699585,3
Cine-Clip_train_33__25.png,4,0.9999896287918091,4
Cine-Clip_train_33__29.png,4,0.9999876022338867,4
Cine-Clip_train_33__37.png,4,0.9999902248382568,4
Cine-Clip_train_33__39.png,4,0.9999892711639404,4
Cine-Clip_train_33__45.png,4,0.9999885559082031,4
Cine-Clip_train_33__46.png,4,0.9999892711639404,4
Cine-Clip_train_33__47.png,4,0.9999891519546509,4
Cine-Clip_train_33__65.png,4,0.9999876022338867,4
Cine-Clip_train_34__10.png,3,0.9999754428863525,3
Cine-Clip_train_34__14.png,3,0.9999785423278809,3
Cine-Clip_train_34__17.png,3,0.9999796152114868,3
Cine-Clip_train_34__27.png,3,0.9999791383743286,3
Cine-Clip_train_34__39.png,3,0.9999768733978271,3
Cine-Clip_train_34__40.png,3,0.9999780654907227,3
Cine-Clip_train_34__42.png,3,0.9999772310256958,3
Cine-Clip_train_34__43.png,3,0.999976396560669,3
Cine-Clip_train_34__45.png,3,0.9999785423278809,3
Cine-Clip_train_34__46.png,3,0.99997878074646,3
Cine-Clip_train_34__49.png,3,0.9999797344207764,3
Cine-Clip_train_34__56.png,3,0.9999799728393555,3
Cine-Clip_train_34__57.png,3,0.9999798536300659,3
Cine-Clip_train_34__68.png,3,0.999977707862854,3
Cine-Clip_train_34__69.png,3,0.9999778270721436,3
Cine-Clip_train_34__80.png,3,0.9999796152114868,3
Cine-Clip_train_34__85.png,3,0.9999790191650391,3
Cine-Clip_train_35__17.png,4,0.999990701675415,4
Cine-Clip_train_35__18.png,4,0.9999910593032837,4
Cine-Clip_train_35__19.png,4,0.9999909400939941,4
Cine-Clip_train_35__22.png,4,0.9999914169311523,4
Cine-Clip_train_35__37.png,4,0.9999915361404419,4
Cine-Clip_train_35__40.png,4,0.9999915361404419,4
Cine-Clip_train_35__41.png,4,0.9999915361404419,4
Cine-Clip_train_35__46.png,4,0.9999916553497314,4
Cine-Clip_train_35__49.png,4,0.9999915361404419,4
Cine-Clip_train_35__53.png,4,0.9999915361404419,4
Cine-Clip_train_35__54.png,4,0.9999916553497314,4
Cine-Clip_train_35__63.png,4,0.9999910593032837,4
Cine-Clip_train_35__64.png,4,0.9999910593032837,4
Cine-Clip_train_35__66.png,4,0.9999914169311523,4
Cine-Clip_train_35__68.png,4,0.9999909400939941,4
Cine-Clip_train_35__74.png,4,0.9999910593032837,4
Cine-Clip_train_35__75.png,4,0.9999915361404419,4
Cine-Clip_train_35__78.png,4,0.9999916553497314,4
Cine-Clip_train_35__80.png,4,0.9999916553497314,4
Cine-Clip_train_35__81.png,4,0.9999915361404419,4
Cine-Clip_train_35__82.png,4,0.9999915361404419,4
Cine-Clip_train_35__83.png,4,0.9999912977218628,4
Cine-Clip_train_35__85.png,4,0.9999903440475464,4
Cine-Clip_train_35__94.png,4,0.9999909400939941,4
Cine-Clip_train_36__11.png,3,0.9999783039093018,3
Cine-Clip_train_36__18.png,3,0.9999759197235107,3
Cine-Clip_train_36__24.png,3,0.9999760389328003,3
Cine-Clip_train_36__27.png,3,0.9999759197235107,3
Cine-Clip_train_36__32.png,3,0.9999746084213257,3
Cine-Clip_train_36__38.png,3,0.9999760389328003,3
Cine-Clip_train_36__40.png,3,0.9999759197235107,3
Cine-Clip_train_36__45.png,3,0.9999767541885376,3
Cine-Clip_train_36__54.png,3,0.9999769926071167,3
Cine-Clip_train_37__102.png,3,0.9999781847000122,3
Cine-Clip_train_37__107.png,3,0.999977707862854,3
Cine-Clip_train_37__115.png,3,0.9999783039093018,3
Cine-Clip_train_37__117.png,3,0.9999783039093018,3
Cine-Clip_train_37__130.png,3,0.9999768733978271,3
Cine-Clip_train_37__141.png,3,0.9999774694442749,3
Cine-Clip_train_37__142.png,3,0.9999774694442749,3
Cine-Clip_train_37__145.png,3,0.9999773502349854,3
Cine-Clip_train_37__161.png,3,0.9999780654907227,3
Cine-Clip_train_37__164.png,3,0.9999778270721436,3
Cine-Clip_train_37__17.png,3,0.9999778270721436,3
Cine-Clip_train_37__175.png,3,0.9999778270721436,3
Cine-Clip_train_37__176.png,3,0.999977707862854,3
Cine-Clip_train_37__177.png,3,0.9999772310256958,3
Cine-Clip_train_37__178.png,3,0.9999767541885376,3
Cine-Clip_train_37__179.png,3,0.9999746084213257,3
Cine-Clip_train_37__19.png,3,0.9999778270721436,3
Cine-Clip_train_37__22.png,3,0.9999779462814331,3
Cine-Clip_train_37__23.png,3,0.9999780654907227,3
Cine-Clip_train_37__28.png,3,0.9999779462814331,3
Cine-Clip_train_37__36.png,3,0.999977707862854,3
Cine-Clip_train_37__43.png,3,0.9999769926071167,3
Cine-Clip_train_37__53.png,3,0.9999780654907227,3
Cine-Clip_train_37__54.png,3,0.9999779462814331,3
Cine-Clip_train_37__55.png,3,0.999977707862854,3
Cine-Clip_train_37__57.png,3,0.9999772310256958,3
Cine-Clip_train_37__61.png,3,0.9999768733978271,3
Cine-Clip_train_37__66.png,3,0.9999762773513794,3
Cine-Clip_train_37__67.png,3,0.9999755620956421,3
Cine-Clip_train_37__76.png,3,0.9999780654907227,3
Cine-Clip_train_37__80.png,3,0.9999779462814331,3
Cine-Clip_train_37__81.png,3,0.9999779462814331,3
Cine-Clip_train_37__96.png,3,0.999977707862854,3
Cine-Clip_train_39__1.png,4,0.9999920129776001,4
Cine-Clip_train_39__10.png,4,0.9999920129776001,4
Cine-Clip_train_39__11.png,4,0.9999920129776001,4
Cine-Clip_train_39__16.png,4,0.9999921321868896,4
Cine-Clip_train_39__18.png,4,0.9999921321868896,4
Cine-Clip_train_39__2.png,4,0.9999920129776001,4
Cine-Clip_train_39__24.png,4,0.9999922513961792,4
Cine-Clip_train_39__26.png,4,0.9999921321868896,4
Cine-Clip_train_39__32.png,4,0.9999922513961792,4
Cine-Clip_train_39__4.png,4,0.9999920129776001,4
Cine-Clip_train_39__40.png,4,0.9999921321868896,4
Cine-Clip_train_39__41.png,4,0.9999920129776001,4
Cine-Clip_train_39__49.png,4,0.9999921321868896,4
Cine-Clip_train_39__7.png,4,0.9999920129776001,4
Cine-Clip_train_3__101.png,4,0.9999911785125732,4
Cine-Clip_train_3__102.png,4,0.9999911785125732,4
Cine-Clip_train_3__104.png,4,0.9999911785125732,4
Cine-Clip_train_3__111.png,4,0.9999912977218628,4
Cine-Clip_train_3__113.png,4,0.9999912977218628,4
Cine-Clip_train_3__117.png,4,0.9999912977218628,4
Cine-Clip_train_3__119.png,4,0.9999912977218628,4
Cine-Clip_train_3__12.png,4,0.9999879598617554,4
Cine-Clip_train_3__120.png,4,0.9999912977218628,4
Cine-Clip_train_3__124.png,4,0.9999912977218628,4
Cine-Clip_train_3__125.png,4,0.9999912977218628,4
Cine-Clip_train_3__127.png,4,0.9999912977218628,4
Cine-Clip_train_3__135.png,4,0.9999914169311523,4
Cine-Clip_train_3__146.png,4,0.9999904632568359,4
Cine-Clip_train_3__155.png,4,0.9999904632568359,4
Cine-Clip_train_3__156.png,4,0.9999904632568359,4
Cine-Clip_train_3__164.png,4,0.9999910593032837,4
Cine-Clip_train_3__167.png,4,0.9999903440475464,4
Cine-Clip_train_3__175.png,4,0.9999905824661255,4
Cine-Clip_train_3__18.png,4,0.9999897480010986,4
Cine-Clip_train_3__24.png,4,0.9999901056289673,4
Cine-Clip_train_3__29.png,4,0.9999891519546509,4
Cine-Clip_train_3__3.png,4,0.9999842643737793,4
Cine-Clip_train_3__35.png,4,0.9999881982803345,4
Cine-Clip_train_3__42.png,4,0.9999897480010986,4
Cine-Clip_train_3__43.png,4,0.9999898672103882,4
Cine-Clip_train_3__47.png,4,0.9999904632568359,4
Cine-Clip_train_3__51.png,4,0.9999903440475464,4
Cine-Clip_train_3__55.png,4,0.9999903440475464,4
Cine-Clip_train_3__61.png,4,0.9999892711639404,4
Cine-Clip_train_3__64.png,4,0.9999889135360718,4
Cine-Clip_train_3__69.png,4,0.9999897480010986,4
Cine-Clip_train_3__7.png,4,0.999990701675415,4
Cine-Clip_train_3__82.png,4,0.9999890327453613,4
Cine-Clip_train_3__87.png,4,0.9999896287918091,4
Cine-Clip_train_3__89.png,4,0.9999901056289673,4
Cine-Clip_train_3__92.png,4,0.9999902248382568,4
Cine-Clip_train_3__99.png,4,0.9999910593032837,4
Cine-Clip_train_40__11.png,2,0.9999359846115112,2
Cine-Clip_train_40__12.png,2,0.9999372959136963,2
Cine-Clip_train_40__15.png,2,0.9999384880065918,2
Cine-Clip_train_40__28.png,2,0.9999394416809082,2
Cine-Clip_train_40__3.png,2,0.9999377727508545,2
Cine-Clip_train_40__34.png,2,0.9999349117279053,2
Cine-Clip_train_40__36.png,2,0.9999321699142456,2
Cine-Clip_train_40__49.png,2,0.9999357461929321,2
Cine-Clip_train_40__5.png,2,0.9999321699142456,2
Cine-Clip_train_41__10.png,3,0.9999780654907227,3
Cine-Clip_train_41__20.png,3,0.9999797344207764,3
Cine-Clip_train_41__22.png,3,0.9999794960021973,3
Cine-Clip_train_41__24.png,3,0.9999788999557495,3
Cine-Clip_train_41__39.png,3,0.9999796152114868,3
Cine-Clip_train_41__40.png,3,0.9999796152114868,3
Cine-Clip_train_41__43.png,3,0.9999796152114868,3
Cine-Clip_train_41__46.png,3,0.9999794960021973,3
Cine-Clip_train_42__14.png,3,0.9999721050262451,3
Cine-Clip_train_42__15.png,3,0.9999731779098511,3
Cine-Clip_train_42__17.png,3,0.9999754428863525,3
Cine-Clip_train_42__26.png,3,0.9999778270721436,3
Cine-Clip_train_42__28.png,3,0.9999779462814331,3
Cine-Clip_train_42__32.png,3,0.9999759197235107,3
Cine-Clip_train_42__34.png,3,0.9999759197235107,3
Cine-Clip_train_42__37.png,3,0.9999761581420898,3
Cine-Clip_train_42__39.png,3,0.9999765157699585,3
Cine-Clip_train_42__52.png,3,0.9999793767929077,3
Cine-Clip_train_42__54.png,3,0.9999794960021973,3
Cine-Clip_train_42__57.png,3,0.9999793767929077,3
Cine-Clip_train_42__58.png,3,0.9999790191650391,3
Cine-Clip_train_42__6.png,3,0.999971866607666,3
Cine-Clip_train_42__64.png,3,0.9999785423278809,3
Cine-Clip_train_42__66.png,3,0.9999783039093018,3
Cine-Clip_train_42__67.png,3,0.9999781847000122,3
Cine-Clip_train_42__70.png,3,0.9999784231185913,3
Cine-Clip_train_42__71.png,3,0.9999780654907227,3
Cine-Clip_train_42__79.png,3,0.9999778270721436,3
Cine-Clip_train_42__82.png,3,0.9999779462814331,3
Cine-Clip_train_42__90.png,3,0.9999769926071167,3
Cine-Clip_train_43__1.png,2,0.9999423027038574,2
Cine-Clip_train_43__18.png,2,0.9999315738677979,2
Cine-Clip_train_43__20.png,2,0.9999369382858276,2
Cine-Clip_train_43__28.png,2,0.9999325275421143,2
Cine-Clip_train_43__29.png,2,0.9999380111694336,2
Cine-Clip_train_43__3.png,2,0.9999423027038574,2
Cine-Clip_train_43__31.png,2,0.9999411106109619,2
Cine-Clip_train_43__37.png,2,0.9999384880065918,2
Cine-Clip_train_43__39.png,2,0.9999440908432007,2
Cine-Clip_train_43__4.png,2,0.999937891960144,2
Cine-Clip_train_43__40.png,2,0.9999430179595947,2
Cine-Clip_train_43__44.png,2,0.9999390840530396,2
Cine-Clip_train_43__47.png,2,0.9999395608901978,2
Cine-Clip_train_43__55.png,2,0.99993896484375,2
Cine-Clip_train_43__57.png,2,0.9999409914016724,2
Cine-Clip_train_43__64.png,2,0.9999353885650635,2
Cine-Clip_train_43__72.png,2,0.9999402761459351,2
Cine-Clip_train_43__74.png,2,0.9999428987503052,2
Cine-Clip_train_43__79.png,2,0.9999418258666992,2
Cine-Clip_train_43__85.png,2,0.9999388456344604,2
Cine-Clip_train_45__101.png,2,0.9999414682388306,2
Cine-Clip_train_45__19.png,2,0.9999433755874634,2
Cine-Clip_train_45__29.png,2,0.9999430179595947,2
Cine-Clip_train_45__32.png,2,0.9999430179595947,2
Cine-Clip_train_45__33.png,2,0.9999433755874634,2
Cine-Clip_train_45__38.png,2,0.9999442100524902,2
Cine-Clip_train_45__46.png,2,0.9999451637268066,2
Cine-Clip_train_45__47.png,2,0.9999452829360962,2
Cine-Clip_train_45__56.png,2,0.9999452829360962,2
Cine-Clip_train_45__6.png,2,0.9999432563781738,2
Cine-Clip_train_45__73.png,2,0.9999407529830933,2
Cine-Clip_train_45__79.png,2,0.999936580657959,2
Cine-Clip_train_45__9.png,2,0.999943733215332,2
Cine-Clip_train_45__94.png,2,0.9999432563781738,2
Cine-Clip_train_45__97.png,2,0.9999440908432007,2
Cine-Clip_train_46__13.png,1,0.9999781847000122,1
Cine-Clip_train_46__14.png,1,0.9999743700027466,1
Cine-Clip_train_46__21.png,1,0.999975323677063,1
Cine-Clip_train_46__23.png,1,0.9999750852584839,1
Cine-Clip_train_46__24.png,1,0.9999779462814331,1
Cine-Clip_train_46__29.png,1,0.9999797344207764,1
Cine-Clip_train_46__37.png,1,0.999982476234436,1
Cine-Clip_train_46__38.png,1,0.9999829530715942,1
Cine-Clip_train_46__41.png,1,0.9999833106994629,1
Cine-Clip_train_46__48.png,1,0.999984622001648,1
Cine-Clip_train_46__50.png,1,0.9999840259552002,1
Cine-Clip_train_46__64.png,1,0.9999842643737793,1
Cine-Clip_train_46__66.png,1,0.9999850988388062,1
Cine-Clip_train_46__67.png,1,0.9999847412109375,1
Cine-Clip_train_46__71.png,1,0.9999825954437256,1
Cine-Clip_train_46__73.png,1,0.9999825954437256,1
Cine-Clip_train_46__76.png,1,0.9999833106994629,1
Cine-Clip_train_46__79.png,1,0.9999833106994629,1
Cine-Clip_train_46__82.png,1,0.9999806880950928,1
Cine-Clip_train_46__86.png,1,0.999981164932251,1
Cine-Clip_train_46__93.png,1,0.9999784231185913,1
Cine-Clip_train_48__19.png,4,0.9999918937683105,4
Cine-Clip_train_48__33.png,4,0.9999916553497314,4
Cine-Clip_train_48__40.png,4,0.9999918937683105,4
Cine-Clip_train_48__50.png,4,0.9999918937683105,4
Cine-Clip_train_48__52.png,4,0.9999920129776001,4
Cine-Clip_train_48__60.png,4,0.9999920129776001,4
Cine-Clip_train_48__62.png,4,0.9999920129776001,4
Cine-Clip_train_48__63.png,4,0.9999920129776001,4
Cine-Clip_train_48__64.png,4,0.9999920129776001,4
Cine-Clip_train_48__75.png,4,0.9999920129776001,4
Cine-Clip_train_48__80.png,4,0.9999918937683105,4
Cine-Clip_train_48__85.png,4,0.999991774559021,4
Cine-Clip_train_49__10.png,2,0.999927282333374,2
Cine-Clip_train_49__13.png,2,0.9999239444732666,2
Cine-Clip_train_49__17.png,2,0.9999361038208008,2
Cine-Clip_train_49__26.png,2,0.9999388456344604,2
Cine-Clip_train_49__29.png,2,0.9999395608901978,2
Cine-Clip_train_49__3.png,2,0.9999244213104248,2
Cine-Clip_train_49__35.png,2,0.9999387264251709,2
Cine-Clip_train_49__36.png,2,0.9999392032623291,2
Cine-Clip_train_49__38.png,2,0.9999397993087769,2
Cine-Clip_train_49__54.png,2,0.9999337196350098,2
Cine-Clip_train_49__69.png,2,0.9999315738677979,2
Cine-Clip_train_49__70.png,2,0.9999325275421143,2
Cine-Clip_train_4__102.png,2,0.9999356269836426,2
Cine-Clip_train_4__110.png,2,0.9999423027038574,2
Cine-Clip_train_4__113.png,2,0.9999423027038574,2
Cine-Clip_train_4__114.png,2,0.9999428987503052,2
Cine-Clip_train_4__116.png,2,0.9999383687973022,2
Cine-Clip_train_4__120.png,2,0.9999374151229858,2
Cine-Clip_train_4__123.png,2,0.9999374151229858,2
Cine-Clip_train_4__130.png,2,0.9999359846115112,2
Cine-Clip_train_4__16.png,2,0.9999353885650635,2
Cine-Clip_train_4__17.png,2,0.9999357461929321,2
Cine-Clip_train_4__18.png,2,0.9999357461929321,2
Cine-Clip_train_4__31.png,2,0.9999352693557739,2
Cine-Clip_train_4__33.png,2,0.9999361038208008,2
Cine-Clip_train_4__41.png,2,0.9999301433563232,2
Cine-Clip_train_4__42.png,2,0.999930739402771,2
Cine-Clip_train_4__43.png,2,0.9999306201934814,2
Cine-Clip_train_4__44.png,2,0.9999299049377441,2
Cine-Clip_train_4__50.png,2,0.9999315738677979,2
Cine-Clip_train_4__55.png,2,0.9999316930770874,2
Cine-Clip_train_4__56.png,2,0.9999322891235352,2
Cine-Clip_train_4__71.png,2,0.9999366998672485,2
Cine-Clip_train_4__72.png,2,0.9999369382858276,2
Cine-Clip_train_4__73.png,2,0.9999369382858276,2
Cine-Clip_train_4__76.png,2,0.9999358654022217,2
Cine-Clip_train_4__77.png,2,0.9999345541000366,2
Cine-Clip_train_4__93.png,2,0.9999344348907471,2
Cine-Clip_train_4__95.png,2,0.9999346733093262,2
Cine-Clip_train_4__96.png,2,0.9999345541000366,2
Cine-Clip_train_4__99.png,2,0.9999344348907471,2
Cine-Clip_train_50__10.png,2,0.9999406337738037,2
Cine-Clip_train_50__101.png,2,0.9999415874481201,2
Cine-Clip_train_50__108.png,2,0.999943733215332,2
Cine-Clip_train_50__109.png,2,0.9999440908432007,2
Cine-Clip_train_50__27.png,2,0.9999374151229858,2
Cine-Clip_train_50__37.png,2,0.9999432563781738,2
Cine-Clip_train_50__39.png,2,0.9999433755874634,2
Cine-Clip_train_50__4.png,2,0.9999399185180664,2
Cine-Clip_train_50__54.png,2,0.9999396800994873,2
Cine-Clip_train_50__56.png,2,0.9999358654022217,2
Cine-Clip_train_50__61.png,2,0.9999406337738037,2
Cine-Clip_train_50__62.png,2,0.9999408721923828,2
Cine-Clip_train_50__64.png,2,0.9999388456344604,2
Cine-Clip_train_50__69.png,2,0.9999319314956665,2
Cine-Clip_train_50__71.png,2,0.9999332427978516,2
Cine-Clip_train_50__86.png,2,0.9999181032180786,2
Cine-Clip_train_50__91.png,2,0.9999277591705322,2
Cine-Clip_train_50__93.png,2,0.9999289512634277,2
Cine-Clip_train_51__14.png,3,0.9999784231185913,3
Cine-Clip_train_51__15.png,3,0.9999784231185913,3
Cine-Clip_train_51__24.png,3,0.99997878074646,3
Cine-Clip_train_51__27.png,3,0.9999788999557495,3
Cine-Clip_train_51__32.png,3,0.9999784231185913,3
Cine-Clip_train_51__35.png,3,0.9999785423278809,3
Cine-Clip_train_51__36.png,3,0.9999784231185913,3
Cine-Clip_train_51__37.png,3,0.9999785423278809,3
Cine-Clip_train_51__39.png,3,0.9999784231185913,3
Cine-Clip_train_51__41.png,3,0.9999786615371704,3
Cine-Clip_train_51__42.png,3,0.9999785423278809,3
Cine-Clip_train_51__45.png,3,0.9999785423278809,3
Cine-Clip_train_51__55.png,3,0.99997878074646,3
Cine-Clip_train_51__58.png,3,0.99997878074646,3
Cine-Clip_train_51__59.png,3,0.9999788999557495,3
Cine-Clip_train_51__62.png,3,0.99997878074646,3
Cine-Clip_train_51__69.png,3,0.9999785423278809,3
Cine-Clip_train_51__74.png,3,0.9999784231185913,3
Cine-Clip_train_51__76.png,3,0.9999779462814331,3
Cine-Clip_train_51__84.png,3,0.9999774694442749,3
Cine-Clip_train_53__12.png,3,0.9654481410980225,4
Cine-Clip_train_53__13.png,4,0.9999157190322876,4
Cine-Clip_train_53__17.png,4,0.9999909400939941,4
Cine-Clip_train_53__18.png,4,0.9999911785125732,4
Cine-Clip_train_53__19.png,4,0.9999912977218628,4
Cine-Clip_train_53__21.png,4,0.9999914169311523,4
Cine-Clip_train_53__22.png,4,0.9999912977218628,4
Cine-Clip_train_53__26.png,4,0.9999909400939941,4
Cine-Clip_train_53__41.png,4,0.9999909400939941,4
Cine-Clip_train_53__50.png,4,0.9999911785125732,4
Cine-Clip_train_53__54.png,4,0.9999904632568359,4
Cine-Clip_train_53__56.png,4,0.9999910593032837,4
Cine-Clip_train_53__58.png,4,0.9999903440475464,4
Cine-Clip_train_55__15.png,2,0.9999386072158813,2
Cine-Clip_train_55__18.png,2,0.9999415874481201,2
Cine-Clip_train_55__30.png,2,0.99993896484375,2
Cine-Clip_train_55__31.png,2,0.9999397993087769,2
Cine-Clip_train_55__37.png,2,0.9999374151229858,2
Cine-Clip_train_55__45.png,2,0.9999369382858276,2
Cine-Clip_train_55__60.png,2,0.9999409914016724,2
Cine-Clip_train_55__7.png,2,0.999937891960144,2
Cine-Clip_train_55__71.png,2,0.9999395608901978,2
Cine-Clip_train_55__73.png,2,0.99993896484375,2
Cine-Clip_train_55__77.png,2,0.9999380111694336,2
Cine-Clip_train_55__79.png,2,0.999936580657959,2
Cine-Clip_train_55__8.png,2,0.9999386072158813,2
Cine-Clip_train_56__101.png,4,0.9999909400939941,4
Cine-Clip_train_56__102.png,4,0.9999909400939941,4
Cine-Clip_train_56__108.png,4,0.9999909400939941,4
Cine-Clip_train_56__109.png,4,0.9999909400939941,4
Cine-Clip_train_56__44.png,4,0.9999910593032837,4
Cine-Clip_train_56__47.png,4,0.9999912977218628,4
Cine-Clip_train_56__53.png,4,0.9999915361404419,4
Cine-Clip_train_56__54.png,4,0.9999915361404419,4
Cine-Clip_train_56__55.png,4,0.9999911785125732,4
Cine-Clip_train_56__56.png,4,0.9999910593032837,4
Cine-Clip_train_56__58.png,4,0.9999908208847046,4
Cine-Clip_train_56__64.png,4,0.9999910593032837,4
Cine-Clip_train_56__80.png,4,0.9999914169311523,4
Cine-Clip_train_56__85.png,4,0.9999916553497314,4
Cine-Clip_train_56__87.png,4,0.9999915361404419,4
Cine-Clip_train_56__89.png,4,0.9999915361404419,4
Cine-Clip_train_56__94.png,4,0.9999914169311523,4
Cine-Clip_train_57__100.png,4,0.9999912977218628,4
Cine-Clip_train_57__103.png,4,0.9999910593032837,4
Cine-Clip_train_57__116.png,4,0.9999901056289673,4
Cine-Clip_train_57__12.png,4,0.999991774559021,4
Cine-Clip_train_57__13.png,4,0.999991774559021,4
Cine-Clip_train_57__17.png,4,0.9999916553497314,4
Cine-Clip_train_57__18.png,4,0.999991774559021,4
Cine-Clip_train_57__2.png,4,0.9999912977218628,4
Cine-Clip_train_57__3.png,4,0.9999912977218628,4
Cine-Clip_train_57__32.png,4,0.999991774559021,4
Cine-Clip_train_57__34.png,4,0.999991774559021,4
Cine-Clip_train_57__35.png,4,0.999991774559021,4
Cine-Clip_train_57__37.png,4,0.999991774559021,4
Cine-Clip_train_57__44.png,4,0.9999918937683105,4
Cine-Clip_train_57__46.png,4,0.9999918937683105,4
Cine-Clip_train_57__59.png,4,0.9999918937683105,4
Cine-Clip_train_57__60.png,4,0.999991774559021,4
Cine-Clip_train_57__65.png,4,0.9999918937683105,4
Cine-Clip_train_57__66.png,4,0.9999918937683105,4
Cine-Clip_train_57__74.png,4,0.999991774559021,4
Cine-Clip_train_57__78.png,4,0.999991774559021,4
Cine-Clip_train_57__81.png,4,0.999991774559021,4
Cine-Clip_train_57__90.png,4,0.9999915361404419,4
Cine-Clip_train_57__91.png,4,0.9999915361404419,4
Cine-Clip_train_57__96.png,4,0.9999915361404419,4
Cine-Clip_train_58__100.png,3,0.9999769926071167,3
Cine-Clip_train_58__105.png,3,0.9999771118164062,3
Cine-Clip_train_58__106.png,3,0.9999771118164062,3
Cine-Clip_train_58__110.png,3,0.999977707862854,3
Cine-Clip_train_58__114.png,3,0.9999769926071167,3
Cine-Clip_train_58__115.png,3,0.999976634979248,3
Cine-Clip_train_58__117.png,3,0.9999758005142212,3
Cine-Clip_train_58__118.png,3,0.9999755620956421,3
Cine-Clip_train_58__122.png,3,0.9999765157699585,3
Cine-Clip_train_58__125.png,3,0.999976634979248,3
Cine-Clip_train_58__127.png,3,0.999976634979248,3
Cine-Clip_train_58__128.png,3,0.9999767541885376,3
Cine-Clip_train_58__132.png,3,0.9999756813049316,3
Cine-Clip_train_58__136.png,3,0.999976634979248,3
Cine-Clip_train_58__139.png,3,0.9999771118164062,3
Cine-Clip_train_58__145.png,3,0.9999769926071167,3
Cine-Clip_train_58__146.png,3,0.9999768733978271,3
Cine-Clip_train_58__148.png,3,0.9999773502349854,3
Cine-Clip_train_58__45.png,3,0.9999762773513794,3
Cine-Clip_train_58__46.png,3,0.9999765157699585,3
Cine-Clip_train_58__51.png,3,0.9999772310256958,3
Cine-Clip_train_58__60.png,3,0.9999773502349854,3
Cine-Clip_train_58__64.png,3,0.9999767541885376,3
Cine-Clip_train_58__65.png,3,0.9999772310256958,3
Cine-Clip_train_58__66.png,3,0.9999769926071167,3
Cine-Clip_train_58__72.png,3,0.9999767541885376,3
Cine-Clip_train_58__74.png,3,0.9999767541885376,3
Cine-Clip_train_58__82.png,3,0.9999768733978271,3
Cine-Clip_train_58__83.png,3,0.999976396560669,3
Cine-Clip_train_58__84.png,3,0.999976634979248,3
Cine-Clip_train_58__96.png,3,0.999976634979248,3
Cine-Clip_train_58__98.png,3,0.999976634979248,3
Cine-Clip_train_58__99.png,3,0.999976634979248,3
Cine-Clip_train_5__11.png,4,0.9997218251228333,4
Cine-Clip_train_5__16.png,4,0.9999912977218628,4
Cine-Clip_train_5__34.png,4,0.999991774559021,4
Cine-Clip_train_5__43.png,4,0.9999905824661255,4
Cine-Clip_train_5__50.png,4,0.9999806880950928,4
Cine-Clip_train_5__9.png,4,0.99996018409729,4
Cine-Clip_train_60__101.png,3,0.9999796152114868,3
Cine-Clip_train_60__115.png,3,0.9999783039093018,3
Cine-Clip_train_60__116.png,3,0.9999784231185913,3
Cine-Clip_train_60__12.png,3,0.9999760389328003,3
Cine-Clip_train_60__121.png,3,0.9999779462814331,3
Cine-Clip_train_60__124.png,3,0.999977707862854,3
Cine-Clip_train_60__126.png,3,0.999977707862854,3
Cine-Clip_train_60__127.png,3,0.9999774694442749,3
Cine-Clip_train_60__13.png,3,0.9999760389328003,3
Cine-Clip_train_60__131.png,3,0.9999775886535645,3
Cine-Clip_train_60__132.png,3,0.9999774694442749,3
Cine-Clip_train_60__133.png,3,0.9999773502349854,3
Cine-Clip_train_60__135.png,3,0.9999773502349854,3
Cine-Clip_train_60__140.png,3,0.9999769926071167,3
Cine-Clip_train_60__145.png,3,0.999976634979248,3
Cine-Clip_train_60__146.png,3,0.9999768733978271,3
Cine-Clip_train_60__149.png,3,0.9999768733978271,3
Cine-Clip_train_60__153.png,3,0.9999771118164062,3
Cine-Clip_train_60__159.png,3,0.9999768733978271,3
Cine-Clip_train_60__160.png,3,0.9999762773513794,3
Cine-Clip_train_60__170.png,3,0.9999638795852661,3
Cine-Clip_train_60__210.png,3,0.9999675750732422,3
Cine-Clip_train_60__24.png,3,0.9999785423278809,3
Cine-Clip_train_60__26.png,3,0.9999790191650391,3
Cine-Clip_train_60__37.png,3,0.99997878074646,3
Cine-Clip_train_60__38.png,3,0.9999788999557495,3
Cine-Clip_train_60__40.png,3,0.9999788999557495,3
Cine-Clip_train_60__48.png,3,0.9999788999557495,3
Cine-Clip_train_60__50.png,3,0.9999791383743286,3
Cine-Clip_train_60__58.png,3,0.9999796152114868,3
Cine-Clip_train_60__66.png,3,0.9999796152114868,3
Cine-Clip_train_60__67.png,3,0.9999796152114868,3
Cine-Clip_train_60__68.png,3,0.9999794960021973,3
Cine-Clip_train_60__73.png,3,0.9999796152114868,3
Cine-Clip_train_60__74.png,3,0.9999797344207764,3
Cine-Clip_train_60__75.png,3,0.9999797344207764,3
Cine-Clip_train_60__76.png,3,0.9999797344207764,3
Cine-Clip_train_60__77.png,3,0.9999796152114868,3
Cine-Clip_train_60__80.png,3,0.9999793767929077,3
Cine-Clip_train_60__86.png,3,0.9999793767929077,3
Cine-Clip_train_60__89.png,3,0.9999794960021973,3
Cine-Clip_train_60__90.png,3,0.9999794960021973,3
Cine-Clip_train_60__96.png,3,0.9999796152114868,3
Cine-Clip_train_61__25.png,3,0.999977707862854,3
Cine-Clip_train_61__26.png,3,0.999977707862854,3
Cine-Clip_train_61__29.png,3,0.9999772310256958,3
Cine-Clip_train_61__31.png,3,0.999977707862854,3
Cine-Clip_train_61__39.png,3,0.9999784231185913,3
Cine-Clip_train_61__40.png,3,0.9999781847000122,3
Cine-Clip_train_61__41.png,3,0.9999783039093018,3
Cine-Clip_train_61__43.png,3,0.9999778270721436,3
Cine-Clip_train_62__11.png,3,0.9999701976776123,3
Cine-Clip_train_62__13.png,3,0.9999668598175049,3
Cine-Clip_train_62__27.png,3,0.999967098236084,3
Cine-Clip_train_62__37.png,3,0.9999651908874512,3
Cine-Clip_train_62__40.png,3,0.9999666213989258,3
Cine-Clip_train_62__8.png,3,0.9999648332595825,3
Cine-Clip_train_63__114.png,3,0.9999779462814331,3
Cine-Clip_train_63__118.png,3,0.9999779462814331,3
Cine-Clip_train_63__12.png,3,0.9999781847000122,3
Cine-Clip_train_63__127.png,3,0.9999775886535645,3
Cine-Clip_train_63__129.png,3,0.9999775886535645,3
Cine-Clip_train_63__131.png,3,0.9999773502349854,3
Cine-Clip_train_63__133.png,3,0.9999769926071167,3
Cine-Clip_train_63__138.png,3,0.9999762773513794,3
Cine-Clip_train_63__139.png,3,0.9999762773513794,3
Cine-Clip_train_63__146.png,3,0.9999771118164062,3
Cine-Clip_train_63__149.png,3,0.9999772310256958,3
Cine-Clip_train_63__20.png,3,0.9999773502349854,3
Cine-Clip_train_63__23.png,3,0.9999773502349854,3
Cine-Clip_train_63__25.png,3,0.9999780654907227,3
Cine-Clip_train_63__28.png,3,0.9999784231185913,3
Cine-Clip_train_63__30.png,3,0.9999783039093018,3
Cine-Clip_train_63__33.png,3,0.9999783039093018,3
Cine-Clip_train_63__34.png,3,0.9999783039093018,3
Cine-Clip_train_63__4.png,3,0.9999775886535645,3
Cine-Clip_train_63__5.png,3,0.9999775886535645,3
Cine-Clip_train_63__50.png,3,0.9999783039093018,3
Cine-Clip_train_63__52.png,3,0.9999784231185913,3
Cine-Clip_train_63__55.png,3,0.9999780654907227,3
Cine-Clip_train_63__6.png,3,0.9999773502349854,3
Cine-Clip_train_63__60.png,3,0.9999778270721436,3
Cine-Clip_train_63__65.png,3,0.9999780654907227,3
Cine-Clip_train_63__80.png,3,0.9999779462814331,3
Cine-Clip_train_63__90.png,3,0.9999780654907227,3
Cine-Clip_train_63__93.png,3,0.9999780654907227,3
Cine-Clip_train_63__94.png,3,0.9999780654907227,3
Cine-Clip_train_63__99.png,3,0.9999779462814331,3
Cine-Clip_train_64__41.png,4,0.999991774559021,4
Cine-Clip_train_64__44.png,4,0.9999915361404419,4
Cine-Clip_train_64__50.png,4,0.9999918937683105,4
Cine-Clip_train_64__54.png,4,0.999991774559021,4
Cine-Clip_train_64__60.png,4,0.9999920129776001,4
Cine-Clip_train_64__65.png,4,0.9999918937683105,4
Cine-Clip_train_64__66.png,4,0.9999916553497314,4
Cine-Clip_train_64__71.png,4,0.9999920129776001,4
Cine-Clip_train_65__14.png,3,0.9999772310256958,3
Cine-Clip_train_65__15.png,3,0.9999769926071167,3
Cine-Clip_train_65__18.png,3,0.9999774694442749,3
Cine-Clip_train_65__25.png,3,0.99997878074646,3
Cine-Clip_train_65__3.png,3,0.9999774694442749,3
Cine-Clip_train_65__30.png,3,0.9999781847000122,3
Cine-Clip_train_65__45.png,3,0.9999785423278809,3
Cine-Clip_train_65__5.png,3,0.9999783039093018,3
Cine-Clip_train_65__56.png,3,0.9999786615371704,3
Cine-Clip_train_65__6.png,3,0.9999786615371704,3
Cine-Clip_train_65__64.png,3,0.9999784231185913,3
Cine-Clip_train_65__79.png,3,0.9999786615371704,3
Cine-Clip_train_65__83.png,3,0.9999774694442749,3
Cine-Clip_train_65__84.png,3,0.9999771118164062,3
Cine-Clip_train_65__87.png,3,0.9999765157699585,3
Cine-Clip_train_66__12.png,4,0.9999910593032837,4
Cine-Clip_train_66__16.png,4,0.9999916553497314,4
Cine-Clip_train_66__24.png,4,0.9999915361404419,4
Cine-Clip_train_66__26.png,4,0.9999915361404419,4
Cine-Clip_train_66__31.png,4,0.9999915361404419,4
Cine-Clip_train_66__39.png,4,0.9999915361404419,4
Cine-Clip_train_66__40.png,4,0.9999916553497314,4
Cine-Clip_train_66__49.png,4,0.9999914169311523,4
Cine-Clip_train_66__52.png,4,0.9999915361404419,4
Cine-Clip_train_66__59.png,4,0.9999912977218628,4
Cine-Clip_train_66__66.png,4,0.9999912977218628,4
Cine-Clip_train_66__75.png,4,0.999991774559021,4
Cine-Clip_train_66__84.png,4,0.9999915361404419,4
Cine-Clip_train_66__89.png,4,0.9999911785125732,4
Cine-Clip_train_66__92.png,4,0.9999912977218628,4
Cine-Clip_train_66__94.png,4,0.9999912977218628,4
Cine-Clip_train_66__98.png,4,0.9999904632568359,4
Cine-Clip_train_67__121.png,2,0.9999456405639648,2
Cine-Clip_train_67__123.png,2,0.9999454021453857,2
Cine-Clip_train_67__135.png,2,0.9999452829360962,2
Cine-Clip_train_67__141.png,2,0.9999440908432007,2
Cine-Clip_train_67__149.png,2,0.999945878982544,2
Cine-Clip_train_67__156.png,2,0.9999450445175171,2
Cine-Clip_train_68__115.png,3,0.9999761581420898,3
Cine-Clip_train_68__129.png,3,0.9999749660491943,3
Cine-Clip_train_68__144.png,3,0.9999788999557495,3
Cine-Clip_train_68__149.png,3,0.9999790191650391,3
Cine-Clip_train_68__160.png,3,0.9999784231185913,3
Cine-Clip_train_68__165.png,3,0.9999791383743286,3
Cine-Clip_train_68__166.png,3,0.9999791383743286,3
Cine-Clip_train_68__175.png,3,0.9999788999557495,3
Cine-Clip_train_68__187.png,3,0.9999790191650391,3
Cine-Clip_train_68__192.png,3,0.9999793767929077,3
Cine-Clip_train_68__198.png,3,0.9999793767929077,3
Cine-Clip_train_68__203.png,3,0.9999791383743286,3
Cine-Clip_train_68__206.png,3,0.9999793767929077,3
Cine-Clip_train_68__210.png,3,0.9999793767929077,3
Cine-Clip_train_68__216.png,3,0.99997878074646,3
Cine-Clip_train_68__218.png,3,0.99997878074646,3
Cine-Clip_train_68__224.png,3,0.9999788999557495,3
Cine-Clip_train_68__230.png,3,0.99997878074646,3
Cine-Clip_train_68__231.png,3,0.99997878074646,3
Cine-Clip_train_68__237.png,3,0.9999786615371704,3
Cine-Clip_train_69__15.png,2,0.9999357461929321,2
Cine-Clip_train_69__18.png,2,0.9999381303787231,2
Cine-Clip_train_69__22.png,2,0.9999376535415649,2
Cine-Clip_train_69__24.png,2,0.9999374151229858,2
Cine-Clip_train_69__25.png,2,0.9999370574951172,2
Cine-Clip_train_69__26.png,2,0.9999364614486694,2
Cine-Clip_train_69__33.png,2,0.9999362230300903,2
Cine-Clip_train_69__41.png,2,0.9999382495880127,2
Cine-Clip_train_69__48.png,2,0.9999417066574097,2
Cine-Clip_train_69__52.png,2,0.9999403953552246,2
Cine-Clip_train_69__55.png,2,0.9999392032623291,2
Cine-Clip_train_69__64.png,2,0.9999384880065918,2
Cine-Clip_train_69__65.png,2,0.9999388456344604,2
Cine-Clip_train_69__66.png,2,0.9999381303787231,2
Cine-Clip_train_6__105.png,2,0.9998500347137451,2
Cine-Clip_train_6__109.png,2,0.9998456239700317,2
Cine-Clip_train_6__114.png,2,0.9999008178710938,2
Cine-Clip_train_6__117.png,2,0.9998007416725159,2
Cine-Clip_train_6__118.png,2,0.9998121857643127,2
Cine-Clip_train_6__40.png,2,0.9999244213104248,2
Cine-Clip_train_6__43.png,2,0.9999175071716309,2
Cine-Clip_train_6__52.png,2,0.9998914003372192,2
Cine-Clip_train_6__55.png,2,0.9999101161956787,2
Cine-Clip_train_6__61.png,2,0.9999197721481323,2
Cine-Clip_train_6__64.png,2,0.9999198913574219,2
Cine-Clip_train_6__68.png,2,0.9999186992645264,2
Cine-Clip_train_6__72.png,2,0.9999262094497681,2
Cine-Clip_train_6__88.png,2,0.9999085664749146,2
Cine-Clip_train_6__93.png,2,0.9998902082443237,2
Cine-Clip_train_6__95.png,2,0.9998418092727661,2
Cine-Clip_train_6__99.png,2,0.999861478805542,2
Cine-Clip_train_70__115.png,4,0.9999920129776001,4
Cine-Clip_train_70__121.png,4,0.999991774559021,4
Cine-Clip_train_70__124.png,4,0.999991774559021,4
Cine-Clip_train_70__153.png,4,0.999991774559021,4
Cine-Clip_train_70__157.png,4,0.9999918937683105,4
Cine-Clip_train_70__166.png,4,0.9999920129776001,4
Cine-Clip_train_70__170.png,4,0.9999920129776001,4
Cine-Clip_train_70__173.png,4,0.9999920129776001,4
Cine-Clip_train_70__175.png,4,0.9999920129776001,4
Cine-Clip_train_70__179.png,4,0.9999921321868896,4
Cine-Clip_train_70__180.png,4,0.9999921321868896,4
Cine-Clip_train_70__184.png,4,0.9999920129776001,4
Cine-Clip_train_70__185.png,4,0.9999920129776001,4
Cine-Clip_train_70__203.png,4,0.9999920129776001,4
Cine-Clip_train_70__207.png,4,0.9999920129776001,4
Cine-Clip_train_70__212.png,4,0.9999920129776001,4
Cine-Clip_train_70__224.png,4,0.9999921321868896,4
Cine-Clip_train_70__227.png,4,0.9999921321868896,4
Cine-Clip_train_70__229.png,4,0.9999921321868896,4
Cine-Clip_train_70__23.png,4,0.9999920129776001,4
Cine-Clip_train_70__231.png,4,0.9999921321868896,4
Cine-Clip_train_70__235.png,4,0.9999921321868896,4
Cine-Clip_train_70__239.png,4,0.9999922513961792,4
Cine-Clip_train_70__240.png,4,0.9999921321868896,4
Cine-Clip_train_70__243.png,4,0.9999921321868896,4
Cine-Clip_train_70__244.png,4,0.9999921321868896,4
Cine-Clip_train_70__245.png,4,0.9999921321868896,4
Cine-Clip_train_70__246.png,4,0.9999921321868896,4
Cine-Clip_train_70__251.png,4,0.9999921321868896,4
Cine-Clip_train_70__255.png,4,0.9999921321868896,4
Cine-Clip_train_70__258.png,4,0.9999921321868896,4
Cine-Clip_train_70__265.png,4,0.9999920129776001,4
Cine-Clip_train_70__28.png,4,0.9999920129776001,4
Cine-Clip_train_70__36.png,4,0.9999921321868896,4
Cine-Clip_train_70__45.png,4,0.9999922513961792,4
Cine-Clip_train_70__56.png,4,0.9999921321868896,4
Cine-Clip_train_70__58.png,4,0.9999921321868896,4
Cine-Clip_train_70__59.png,4,0.9999922513961792,4
Cine-Clip_train_70__66.png,4,0.9999920129776001,4
Cine-Clip_train_70__68.png,4,0.9999921321868896,4
Cine-Clip_train_70__72.png,4,0.9999922513961792,4
Cine-Clip_train_70__79.png,4,0.9999921321868896,4
Cine-Clip_train_70__80.png,4,0.9999921321868896,4
Cine-Clip_train_70__95.png,4,0.9999921321868896,4
Cine-Clip_train_70__97.png,4,0.9999918937683105,4
Cine-Clip_train_71__116.png,4,0.9999915361404419,4
Cine-Clip_train_71__125.png,4,0.9999908208847046,4
Cine-Clip_train_71__129.png,4,0.999990701675415,4
Cine-Clip_train_71__140.png,4,0.9999905824661255,4
Cine-Clip_train_71__143.png,4,0.9999909400939941,4
Cine-Clip_train_71__150.png,4,0.9999912977218628,4
Cine-Clip_train_71__35.png,4,0.99998939037323,4
Cine-Clip_train_71__47.png,4,0.9999912977218628,4
Cine-Clip_train_71__51.png,4,0.9999912977218628,4
Cine-Clip_train_71__53.png,4,0.9999914169311523,4
Cine-Clip_train_71__54.png,4,0.9999914169311523,4
Cine-Clip_train_71__61.png,4,0.9999912977218628,4
Cine-Clip_train_71__66.png,4,0.9999914169311523,4
Cine-Clip_train_71__68.png,4,0.9999912977218628,4
Cine-Clip_train_71__76.png,4,0.9999912977218628,4
Cine-Clip_train_71__87.png,4,0.9999910593032837,4
Cine-Clip_train_71__99.png,4,0.9999910593032837,4
Cine-Clip_train_72__102.png,3,0.9999805688858032,3
Cine-Clip_train_72__104.png,3,0.9999804496765137,3
Cine-Clip_train_72__107.png,3,0.9999804496765137,3
Cine-Clip_train_72__108.png,3,0.9999804496765137,3
Cine-Clip_train_72__110.png,3,0.9999804496765137,3
Cine-Clip_train_72__111.png,3,0.9999804496765137,3
Cine-Clip_train_72__120.png,3,0.9999804496765137,3
Cine-Clip_train_72__122.png,3,0.9999803304672241,3
Cine-Clip_train_72__141.png,3,0.9999796152114868,3
Cine-Clip_train_72__153.png,3,0.9999791383743286,3
Cine-Clip_train_72__155.png,3,0.9999788999557495,3
Cine-Clip_train_72__158.png,3,0.9999780654907227,3
Cine-Clip_train_72__159.png,3,0.9999780654907227,3
Cine-Clip_train_72__173.png,3,0.9999784231185913,3
Cine-Clip_train_72__177.png,3,0.9999792575836182,3
Cine-Clip_train_72__183.png,3,0.9999794960021973,3
Cine-Clip_train_72__60.png,3,0.9999791383743286,3
Cine-Clip_train_72__61.png,3,0.9999790191650391,3
Cine-Clip_train_72__67.png,3,0.9999792575836182,3
Cine-Clip_train_72__70.png,3,0.9999797344207764,3
Cine-Clip_train_72__73.png,3,0.9999798536300659,3
Cine-Clip_train_72__81.png,3,0.999980092048645,3
Cine-Clip_train_72__84.png,3,0.9999806880950928,3
Cine-Clip_train_72__98.png,3,0.9999804496765137,3
Cine-Clip_train_73__49.png,3,0.9999783039093018,3
Cine-Clip_train_73__53.png,3,0.9999779462814331,3
Cine-Clip_train_73__58.png,3,0.9999784231185913,3
Cine-Clip_train_73__59.png,3,0.9999783039093018,3
Cine-Clip_train_73__65.png,3,0.9999780654907227,3
Cine-Clip_train_73__75.png,3,0.9999780654907227,3
Cine-Clip_train_73__82.png,3,0.9999784231185913,3
Cine-Clip_train_73__84.png,3,0.9999780654907227,3
Cine-Clip_train_73__86.png,3,0.9999755620956421,3
Cine-Clip_train_73__87.png,3,0.9999747276306152,3
Cine-Clip_train_74__31.png,3,0.9999746084213257,3
Cine-Clip_train_74__33.png,3,0.9999750852584839,3
Cine-Clip_train_74__34.png,3,0.9999754428863525,3
Cine-Clip_train_74__41.png,3,0.9999774694442749,3
Cine-Clip_train_74__42.png,3,0.9999772310256958,3
Cine-Clip_train_74__43.png,3,0.9999767541885376,3
Cine-Clip_train_74__54.png,3,0.9999768733978271,3
Cine-Clip_train_74__55.png,3,0.9999768733978271,3
Cine-Clip_train_74__65.png,3,0.9999772310256958,3
Cine-Clip_train_75__118.png,3,0.999976634979248,3
Cine-Clip_train_75__122.png,3,0.9999771118164062,3
Cine-Clip_train_75__124.png,3,0.9999774694442749,3
Cine-Clip_train_75__126.png,3,0.999977707862854,3
Cine-Clip_train_75__131.png,3,0.9999779462814331,3
Cine-Clip_train_75__140.png,3,0.9999784231185913,3
Cine-Clip_train_75__142.png,3,0.9999790191650391,3
Cine-Clip_train_75__168.png,3,0.9999783039093018,3
Cine-Clip_train_75__172.png,3,0.9999779462814331,3
Cine-Clip_train_75__176.png,3,0.9999778270721436,3
Cine-Clip_train_75__182.png,3,0.9999778270721436,3
Cine-Clip_train_75__184.png,3,0.9999773502349854,3
Cine-Clip_train_75__185.png,3,0.9999773502349854,3
Cine-Clip_train_75__191.png,3,0.9999765157699585,3
Cine-Clip_train_75__192.png,3,0.9999765157699585,3
Cine-Clip_train_75__193.png,3,0.999976396560669,3
Cine-Clip_train_75__195.png,3,0.999976634979248,3
Cine-Clip_train_75__202.png,3,0.9999762773513794,3
Cine-Clip_train_76__10.png,3,0.9999786615371704,3
Cine-Clip_train_76__20.png,3,0.9999786615371704,3
Cine-Clip_train_76__26.png,3,0.9999788999557495,3
Cine-Clip_train_76__32.png,3,0.9999785423278809,3
Cine-Clip_train_78__100.png,4,0.9999908208847046,4
Cine-Clip_train_78__101.png,4,0.999990701675415,4
Cine-Clip_train_78__102.png,4,0.999990701675415,4
Cine-Clip_train_78__110.png,4,0.9999914169311523,4
Cine-Clip_train_78__111.png,4,0.9999916553497314,4
Cine-Clip_train_78__113.png,4,0.9999914169311523,4
Cine-Clip_train_78__114.png,4,0.9999911785125732,4
Cine-Clip_train_78__117.png,4,0.9999910593032837,4
Cine-Clip_train_78__122.png,4,0.9999914169311523,4
Cine-Clip_train_78__50.png,4,0.9999903440475464,4
Cine-Clip_train_78__53.png,4,0.9999909400939941,4
Cine-Clip_train_78__54.png,4,0.999990701675415,4
Cine-Clip_train_78__66.png,4,0.9999902248382568,4
Cine-Clip_train_78__69.png,4,0.9999903440475464,4
Cine-Clip_train_78__73.png,4,0.9999905824661255,4
Cine-Clip_train_78__78.png,4,0.9999909400939941,4
Cine-Clip_train_78__91.png,4,0.9999908208847046,4
Cine-Clip_train_78__95.png,4,0.9999909400939941,4
Cine-Clip_train_78__97.png,4,0.9999911785125732,4
Cine-Clip_train_78__99.png,4,0.9999908208847046,4
Cine-Clip_train_79__13.png,4,0.9999914169311523,4
Cine-Clip_train_79__16.png,4,0.9999916553497314,4
Cine-Clip_train_79__20.png,4,0.9999916553497314,4
Cine-Clip_train_79__22.png,4,0.9999916553497314,4
Cine-Clip_train_79__28.png,4,0.9999915361404419,4
Cine-Clip_train_79__31.png,4,0.9999915361404419,4
Cine-Clip_train_79__32.png,4,0.9999915361404419,4
Cine-Clip_train_79__40.png,4,0.9999914169311523,4
Cine-Clip_train_79__56.png,4,0.999991774559021,4
Cine-Clip_train_7__28.png,1,0.999884843826294,1
Cine-Clip_train_7__33.png,1,0.9999678134918213,1
Cine-Clip_train_7__36.png,1,0.999976634979248,1
Cine-Clip_train_7__37.png,1,0.9999767541885376,1
Cine-Clip_train_7__38.png,1,0.9999774694442749,1
Cine-Clip_train_7__45.png,1,0.999975323677063,1
Cine-Clip_train_7__52.png,1,0.999969482421875,1
Cine-Clip_train_7__54.png,1,0.9999737739562988,1
Cine-Clip_train_7__62.png,1,0.9999774694442749,1
Cine-Clip_train_7__66.png,1,0.9999711513519287,1
Cine-Clip_train_7__77.png,1,0.9999557733535767,1
Cine-Clip_train_7__79.png,1,0.9999406337738037,1
Cine-Clip_train_80__86.png,2,0.9998247027397156,2
Cine-Clip_train_81__22.png,3,0.9999717473983765,3
Cine-Clip_train_81__26.png,3,0.9999723434448242,3
Cine-Clip_train_81__28.png,3,0.9999715089797974,3
Cine-Clip_train_81__30.png,3,0.9999717473983765,3
Cine-Clip_train_81__33.png,3,0.9999747276306152,3
Cine-Clip_train_81__34.png,3,0.999974250793457,3
Cine-Clip_train_81__38.png,3,0.9999743700027466,3
Cine-Clip_train_81__40.png,3,0.9999738931655884,3
Cine-Clip_train_81__46.png,3,0.9999746084213257,3
Cine-Clip_train_81__56.png,3,0.9999748468399048,3
Cine-Clip_train_81__60.png,3,0.9999752044677734,3
Cine-Clip_train_81__70.png,3,0.9999743700027466,3
Cine-Clip_train_81__73.png,3,0.9999747276306152,3
Cine-Clip_train_81__78.png,3,0.999974250793457,3
Cine-Clip_train_81__80.png,3,0.9999737739562988,3
Cine-Clip_train_82__12.png,3,0.9999665021896362,3
Cine-Clip_train_82__13.png,3,0.9999704360961914,3
Cine-Clip_train_82__21.png,3,0.9999687671661377,3
Cine-Clip_train_82__23.png,3,0.9999700784683228,3
Cine-Clip_train_82__24.png,3,0.9999700784683228,3
Cine-Clip_train_82__25.png,3,0.9999731779098511,3
Cine-Clip_train_82__26.png,3,0.9999735355377197,3
Cine-Clip_train_82__29.png,3,0.9999754428863525,3
Cine-Clip_train_82__3.png,3,0.999976396560669,3
Cine-Clip_train_82__31.png,3,0.9999737739562988,3
Cine-Clip_train_82__42.png,3,0.9999746084213257,3
Cine-Clip_train_83__103.png,3,0.9999775886535645,3
Cine-Clip_train_83__112.png,3,0.9999772310256958,3
Cine-Clip_train_83__114.png,3,0.9999771118164062,3
Cine-Clip_train_83__124.png,3,0.9999771118164062,3
Cine-Clip_train_83__126.png,3,0.9999772310256958,3
Cine-Clip_train_83__129.png,3,0.9999779462814331,3
Cine-Clip_train_83__13.png,3,0.9999760389328003,3
Cine-Clip_train_83__134.png,3,0.9999771118164062,3
Cine-Clip_train_83__146.png,3,0.999976634979248,3
Cine-Clip_train_83__149.png,3,0.9999759197235107,3
Cine-Clip_train_83__18.png,3,0.9999755620956421,3
Cine-Clip_train_83__19.png,3,0.9999758005142212,3
Cine-Clip_train_83__20.png,3,0.9999762773513794,3
Cine-Clip_train_83__27.png,3,0.9999775886535645,3
Cine-Clip_train_83__32.png,3,0.9999778270721436,3
Cine-Clip_train_83__38.png,3,0.999977707862854,3
Cine-Clip_train_83__41.png,3,0.9999774694442749,3
Cine-Clip_train_83__56.png,3,0.9999778270721436,3
Cine-Clip_train_83__57.png,3,0.9999778270721436,3
Cine-Clip_train_83__58.png,3,0.9999779462814331,3
Cine-Clip_train_83__63.png,3,0.9999778270721436,3
Cine-Clip_train_83__65.png,3,0.9999774694442749,3
Cine-Clip_train_83__66.png,3,0.9999774694442749,3
Cine-Clip_train_83__71.png,3,0.9999774694442749,3
Cine-Clip_train_83__78.png,3,0.9999772310256958,3
Cine-Clip_train_83__80.png,3,0.9999772310256958,3
Cine-Clip_train_83__95.png,3,0.9999772310256958,3
Cine-Clip_train_84__100.png,3,0.999976396560669,3
Cine-Clip_train_84__102.png,3,0.9999768733978271,3
Cine-Clip_train_84__105.png,3,0.9999762773513794,3
Cine-Clip_train_84__111.png,3,0.9999727010726929,3
Cine-Clip_train_84__117.png,3,0.9999746084213257,3
Cine-Clip_train_84__55.png,3,0.9999784231185913,3
Cine-Clip_train_84__59.png,3,0.9999788999557495,3
Cine-Clip_train_84__62.png,3,0.99997878074646,3
Cine-Clip_train_84__71.png,3,0.9999773502349854,3
Cine-Clip_train_84__73.png,3,0.9999772310256958,3
Cine-Clip_train_84__75.png,3,0.999976634979248,3
Cine-Clip_train_84__77.png,3,0.9999767541885376,3
Cine-Clip_train_84__78.png,3,0.9999769926071167,3
Cine-Clip_train_84__84.png,3,0.999976396560669,3
Cine-Clip_train_84__90.png,3,0.9999780654907227,3
Cine-Clip_train_85__101.png,4,0.999991774559021,4
Cine-Clip_train_85__105.png,4,0.9999916553497314,4
Cine-Clip_train_85__108.png,4,0.999991774559021,4
Cine-Clip_train_85__112.png,4,0.9999916553497314,4
Cine-Clip_train_85__113.png,4,0.9999916553497314,4
Cine-Clip_train_85__116.png,4,0.9999914169311523,4
Cine-Clip_train_85__117.png,4,0.9999914169311523,4
Cine-Clip_train_85__118.png,4,0.9999914169311523,4
Cine-Clip_train_85__121.png,4,0.9999915361404419,4
Cine-Clip_train_85__124.png,4,0.9999916553497314,4
Cine-Clip_train_85__134.png,4,0.9999916553497314,4
Cine-Clip_train_85__136.png,4,0.9999916553497314,4
Cine-Clip_train_85__142.png,4,0.9999915361404419,4
Cine-Clip_train_85__143.png,4,0.9999915361404419,4
Cine-Clip_train_85__144.png,4,0.9999915361404419,4
Cine-Clip_train_85__146.png,4,0.9999915361404419,4
Cine-Clip_train_85__149.png,4,0.9999915361404419,4
Cine-Clip_train_85__150.png,4,0.9999915361404419,4
Cine-Clip_train_85__151.png,4,0.9999915361404419,4
Cine-Clip_train_85__153.png,4,0.9999915361404419,4
Cine-Clip_train_85__154.png,4,0.9999915361404419,4
Cine-Clip_train_85__38.png,4,0.9999916553497314,4
Cine-Clip_train_85__39.png,4,0.9999916553497314,4
Cine-Clip_train_85__47.png,4,0.9999904632568359,4
Cine-Clip_train_85__52.png,4,0.9999897480010986,4
Cine-Clip_train_85__70.png,4,0.9999896287918091,4
Cine-Clip_train_85__71.png,4,0.9999892711639404,4
Cine-Clip_train_85__72.png,4,0.9999898672103882,4
Cine-Clip_train_85__74.png,4,0.9999903440475464,4
Cine-Clip_train_85__78.png,4,0.9999914169311523,4
Cine-Clip_train_85__79.png,4,0.9999914169311523,4
Cine-Clip_train_85__87.png,4,0.999991774559021,4
Cine-Clip_train_85__88.png,4,0.999991774559021,4
Cine-Clip_train_85__91.png,4,0.9999918937683105,4
Cine-Clip_train_86__101.png,4,0.9999916553497314,4
Cine-Clip_train_86__106.png,4,0.9999916553497314,4
Cine-Clip_train_86__110.png,4,0.999991774559021,4
Cine-Clip_train_86__112.png,4,0.9999916553497314,4
Cine-Clip_train_86__115.png,4,0.999991774559021,4
Cine-Clip_train_86__118.png,4,0.9999916553497314,4
Cine-Clip_train_86__12.png,4,0.9999915361404419,4
Cine-Clip_train_86__14.png,4,0.9999916553497314,4
Cine-Clip_train_86__15.png,4,0.9999916553497314,4
Cine-Clip_train_86__19.png,4,0.9999918937683105,4
Cine-Clip_train_86__20.png,4,0.9999918937683105,4
Cine-Clip_train_86__31.png,4,0.9999916553497314,4
Cine-Clip_train_86__37.png,4,0.9999916553497314,4
Cine-Clip_train_86__49.png,4,0.9999916553497314,4
Cine-Clip_train_86__51.png,4,0.9999916553497314,4
Cine-Clip_train_86__52.png,4,0.9999916553497314,4
Cine-Clip_train_86__57.png,4,0.9999914169311523,4
Cine-Clip_train_86__61.png,4,0.9999916553497314,4
Cine-Clip_train_86__62.png,4,0.9999916553497314,4
Cine-Clip_train_86__63.png,4,0.9999916553497314,4
Cine-Clip_train_86__72.png,4,0.9999915361404419,4
Cine-Clip_train_86__73.png,4,0.9999915361404419,4
Cine-Clip_train_86__74.png,4,0.9999916553497314,4
Cine-Clip_train_86__75.png,4,0.9999916553497314,4
Cine-Clip_train_86__76.png,4,0.9999916553497314,4
Cine-Clip_train_86__83.png,4,0.999991774559021,4
Cine-Clip_train_86__84.png,4,0.9999916553497314,4
Cine-Clip_train_86__85.png,4,0.9999916553497314,4
Cine-Clip_train_87__105.png,3,0.9999759197235107,3
Cine-Clip_train_87__106.png,3,0.9999760389328003,3
Cine-Clip_train_87__109.png,3,0.9999767541885376,3
Cine-Clip_train_87__112.png,3,0.999976396560669,3
Cine-Clip_train_87__113.png,3,0.9999758005142212,3
Cine-Clip_train_87__114.png,3,0.9999754428863525,3
Cine-Clip_train_87__131.png,3,0.9999754428863525,3
Cine-Clip_train_87__136.png,3,0.9999737739562988,3
Cine-Clip_train_87__139.png,3,0.9999735355377197,3
Cine-Clip_train_87__156.png,3,0.9999728202819824,3
Cine-Clip_train_87__157.png,3,0.9999736547470093,3
Cine-Clip_train_87__164.png,3,0.9999748468399048,3
Cine-Clip_train_87__44.png,3,0.9999727010726929,3
Cine-Clip_train_87__45.png,3,0.9999736547470093,3
Cine-Clip_train_87__50.png,3,0.9999754428863525,3
Cine-Clip_train_87__54.png,3,0.9999738931655884,3
Cine-Clip_train_87__61.png,3,0.9999730587005615,3
Cine-Clip_train_87__64.png,3,0.9999736547470093,3
Cine-Clip_train_87__69.png,3,0.9999749660491943,3
Cine-Clip_train_87__84.png,3,0.999975323677063,3
Cine-Clip_train_87__95.png,3,0.9999758005142212,3
Cine-Clip_train_87__96.png,3,0.9999755620956421,3
Cine-Clip_train_88__18.png,1,0.9999821186065674,1
Cine-Clip_train_88__26.png,1,0.9999828338623047,1
Cine-Clip_train_88__33.png,1,0.9999845027923584,1
Cine-Clip_train_88__37.png,1,0.9999845027923584,1
Cine-Clip_train_88__42.png,1,0.9999821186065674,1
Cine-Clip_train_88__44.png,1,0.9999833106994629,1
Cine-Clip_train_88__5.png,1,0.9999834299087524,1
Cine-Clip_train_88__52.png,1,0.9999840259552002,1
Cine-Clip_train_88__55.png,1,0.9999842643737793,1
Cine-Clip_train_88__9.png,1,0.9999839067459106,1
Cine-Clip_train_89__11.png,3,0.9999750852584839,3
Cine-Clip_train_89__29.png,3,0.9999769926071167,3
Cine-Clip_train_89__30.png,3,0.9999765157699585,3
Cine-Clip_train_89__35.png,3,0.9999743700027466,3
Cine-Clip_train_89__44.png,3,0.9999772310256958,3
Cine-Clip_train_89__47.png,3,0.9999765157699585,3
Cine-Clip_train_89__57.png,3,0.9999771118164062,3
Cine-Clip_train_89__58.png,3,0.9999759197235107,3
Cine-Clip_train_89__63.png,3,0.9999749660491943,3
Cine-Clip_train_89__75.png,3,0.9999680519104004,3
Cine-Clip_train_89__78.png,3,0.9999685287475586,3
Cine-Clip_train_89__79.png,3,0.999957799911499,3
Cine-Clip_train_89__8.png,3,0.9999736547470093,3
Cine-Clip_train_89__80.png,3,0.9999567270278931,3
Cine-Clip_train_89__81.png,3,0.9999492168426514,3
Cine-Clip_train_89__83.png,3,0.9999648332595825,3
Cine-Clip_train_89__88.png,3,0.9999712705612183,3
Cine-Clip_train_89__91.png,3,0.9999775886535645,3
Cine-Clip_train_89__95.png,3,0.9999778270721436,3
Cine-Clip_train_89__97.png,3,0.9999778270721436,3
Cine-Clip_train_8__15.png,0,0.9999959468841553,0
Cine-Clip_train_8__20.png,0,0.9999960660934448,0
Cine-Clip_train_8__21.png,0,0.9999960660934448,0
Cine-Clip_train_8__26.png,0,0.9999971389770508,0
Cine-Clip_train_8__33.png,0,0.9999973773956299,0
Cine-Clip_train_8__35.png,0,0.9999973773956299,0
Cine-Clip_train_8__37.png,0,0.9999972581863403,0
Cine-Clip_train_8__40.png,0,0.9999971389770508,0
Cine-Clip_train_8__51.png,0,0.9999974966049194,0
Cine-Clip_train_8__55.png,0,0.9999974966049194,0
Cine-Clip_train_8__57.png,0,0.999997615814209,0
Cine-Clip_train_90__101.png,3,0.999976634979248,3
Cine-Clip_train_90__105.png,3,0.9999756813049316,3
Cine-Clip_train_90__112.png,3,0.9999760389328003,3
Cine-Clip_train_90__114.png,3,0.9999758005142212,3
Cine-Clip_train_90__12.png,3,0.9999676942825317,3
Cine-Clip_train_90__131.png,3,0.999974250793457,3
Cine-Clip_train_90__17.png,3,0.9999680519104004,3
Cine-Clip_train_90__20.png,3,0.9999693632125854,3
Cine-Clip_train_90__27.png,3,0.9999743700027466,3
Cine-Clip_train_90__3.png,3,0.9999667406082153,3
Cine-Clip_train_90__33.png,3,0.9999699592590332,3
Cine-Clip_train_90__46.png,3,0.9999755620956421,3
Cine-Clip_train_90__52.png,3,0.9999752044677734,3
Cine-Clip_train_90__53.png,3,0.9999752044677734,3
Cine-Clip_train_90__62.png,3,0.9999740123748779,3
Cine-Clip_train_90__67.png,3,0.9999724626541138,3
Cine-Clip_train_90__76.png,3,0.9999713897705078,3
Cine-Clip_train_90__8.png,3,0.9999676942825317,3
Cine-Clip_train_90__83.png,3,0.9999750852584839,3
Cine-Clip_train_90__95.png,3,0.9999760389328003,3
Cine-Clip_train_91__65.png,3,0.9999761581420898,3
Cine-Clip_train_91__66.png,3,0.999975323677063,3
Cine-Clip_train_91__68.png,3,0.999971866607666,3
Cine-Clip_train_91__72.png,3,0.9999740123748779,3
Cine-Clip_train_91__76.png,3,0.9999666213989258,3
Cine-Clip_train_92__20.png,4,0.999991774559021,4
Cine-Clip_train_92__33.png,4,0.9999920129776001,4
Cine-Clip_train_92__41.png,4,0.9999921321868896,4
Cine-Clip_train_92__45.png,4,0.9999920129776001,4
Cine-Clip_train_92__50.png,4,0.9999918937683105,4
Cine-Clip_train_92__56.png,4,0.9999918937683105,4
Cine-Clip_train_92__57.png,4,0.9999918937683105,4
Cine-Clip_train_92__58.png,4,0.9999918937683105,4
Cine-Clip_train_92__59.png,4,0.9999918937683105,4
Cine-Clip_train_92__71.png,4,0.9999920129776001,4
Cine-Clip_train_92__76.png,4,0.9999918937683105,4
Cine-Clip_train_93__52.png,2,0.9999301433563232,2
Cine-Clip_train_93__57.png,2,0.999921441078186,2
Cine-Clip_train_93__62.png,2,0.999933123588562,2
Cine-Clip_train_94__24.png,4,0.9999896287918091,4
Cine-Clip_train_94__30.png,4,0.9999897480010986,4
Cine-Clip_train_94__32.png,4,0.9999902248382568,4
Cine-Clip_train_94__9.png,4,0.9999910593032837,4
Cine-Clip_train_95__101.png,3,0.9999778270721436,3
Cine-Clip_train_95__102.png,3,0.9999780654907227,3
Cine-Clip_train_95__108.png,3,0.9999771118164062,3
Cine-Clip_train_95__115.png,3,0.9999768733978271,3
Cine-Clip_train_95__121.png,3,0.999974250793457,3
Cine-Clip_train_95__122.png,3,0.9999741315841675,3
Cine-Clip_train_95__126.png,3,0.9999696016311646,3
Cine-Clip_train_95__128.png,3,0.9999717473983765,3
Cine-Clip_train_95__70.png,3,0.9999755620956421,3
Cine-Clip_train_95__77.png,3,0.9999767541885376,3
Cine-Clip_train_95__78.png,3,0.9999771118164062,3
Cine-Clip_train_95__79.png,3,0.9999762773513794,3
Cine-Clip_train_95__81.png,3,0.999975323677063,3
Cine-Clip_train_95__83.png,3,0.9999759197235107,3
Cine-Clip_train_95__90.png,3,0.999976396560669,3
Cine-Clip_train_95__92.png,3,0.999976634979248,3
Cine-Clip_train_96__14.png,3,0.9999737739562988,3
Cine-Clip_train_96__17.png,3,0.9999752044677734,3
Cine-Clip_train_96__31.png,3,0.999975323677063,3
Cine-Clip_train_96__34.png,3,0.9999755620956421,3
Cine-Clip_train_96__38.png,3,0.9999744892120361,3
Cine-Clip_train_96__40.png,3,0.9999736547470093,3
Cine-Clip_train_96__44.png,3,0.999975323677063,3
Cine-Clip_train_96__45.png,3,0.999974250793457,3
Cine-Clip_train_97__31.png,3,0.999976634979248,3
Cine-Clip_train_97__33.png,3,0.9999774694442749,3
Cine-Clip_train_97__44.png,3,0.9999781847000122,3
Cine-Clip_train_97__52.png,3,0.9999772310256958,3
Cine-Clip_train_97__57.png,3,0.9999762773513794,3
Cine-Clip_train_97__60.png,3,0.9999741315841675,3
Cine-Clip_train_97__68.png,3,0.9999755620956421,3
Cine-Clip_train_98__24.png,2,0.9999274015426636,2
Cine-Clip_train_98__31.png,2,0.9999407529830933,2
Cine-Clip_train_98__33.png,2,0.9999396800994873,2
Cine-Clip_train_98__39.png,2,0.9999396800994873,2
Cine-Clip_train_98__44.png,2,0.9999423027038574,2
Cine-Clip_train_98__46.png,2,0.9999420642852783,2
Cine-Clip_train_98__48.png,2,0.9999418258666992,2
Cine-Clip_train_98__59.png,2,0.9999366998672485,2
Cine-Clip_train_98__69.png,2,0.9999349117279053,2
Cine-Clip_train_98__73.png,2,0.9999113082885742,2
Cine-Clip_train_98__82.png,2,0.9999418258666992,2
Cine-Clip_train_98__84.png,2,0.9999399185180664,2
Cine-Clip_train_98__86.png,2,0.9999374151229858,2
Cine-Clip_train_98__90.png,2,0.9999299049377441,2
Cine-Clip_train_98__95.png,2,0.9999222755432129,2
Cine-Clip_train_98__96.png,2,0.9999215602874756,2
Cine-Clip_train_98__98.png,2,0.9999186992645264,2
Cine-Clip_train_99__18.png,2,0.99993896484375,2
Cine-Clip_train_99__27.png,2,0.999942421913147,2
Cine-Clip_train_99__31.png,2,0.9999363422393799,2
Cine-Clip_train_99__34.png,2,0.9999407529830933,2
Cine-Clip_train_99__35.png,2,0.9999403953552246,2
Cine-Clip_train_99__42.png,2,0.9999436140060425,2
Cine-Clip_train_99__6.png,2,0.9999386072158813,2
Cine-Clip_train_9__152.png,2,0.9997594952583313,3
Cine-Clip_train_9__50.png,3,0.9999744892120361,3
Cine-Clip_train_9__52.png,3,0.9999737739562988,3
Cine-Clip_train_9__60.png,3,0.9999761581420898,3
Cine-Clip_train_9__62.png,3,0.9999750852584839,3
Cine-Clip_train_9__63.png,3,0.9999740123748779,3
Cine-Clip_train_9__64.png,3,0.9999717473983765,3
Cine-Clip_train_9__68.png,3,0.9999706745147705,3
